entry_id,timestamp,tds_value,voltage,temperature,prediction,is_anomaly,anomaly_score
1,2026-03-04 14:31:59+00:00,115.1,0.2834,32.95,1,False,0.2596
2,2026-03-04 14:32:19+00:00,318.99,0.2815,32.79,-1,True,0.7124
3,2026-03-04 14:32:39+00:00,197.82,0.2662,33.0,1,False,0.2639
4,2026-03-04 14:32:59+00:00,28.74,0.2843,32.92,1,False,0.1872
5,2026-03-04 14:33:19+00:00,135.31,0.2617,32.99,1,False,0.1247
6,2026-03-04 14:33:39+00:00,86.75,0.2686,33.0,1,False,0.0449
7,2026-03-04 14:33:59+00:00,243.17,0.2836,33.0,1,False,0.2202
8,2026-03-04 14:34:19+00:00,16.1,0.2659,32.8,1,False,0.229
9,2026-03-04 14:34:39+00:00,167.83,0.2652,33.0,1,False,0.107
10,2026-03-04 14:34:59+00:00,0.0,0.2689,32.6,1,False,0.1974
11,2026-03-04 14:35:19+00:00,65.58,0.2627,32.99,1,False,0.0772
12,2026-03-04 14:35:39+00:00,159.14,0.269,33.0,1,False,0.0189
13,2026-03-04 14:35:59+00:00,138.19,0.2709,32.53,1,False,0.005
14,2026-03-04 14:36:19+00:00,254.6,0.6977,33.0,1,False,0.3724
15,2026-03-04 14:36:39+00:00,172.2,0.2657,33.0,1,False,0.0429
16,2026-03-04 14:36:59+00:00,165.93,0.2881,32.59,1,False,0.0708
17,2026-03-04 14:37:19+00:00,192.98,0.2747,32.9,1,False,0.0571
18,2026-03-04 14:37:39+00:00,174.2,0.2834,32.8,1,False,0.0688
19,2026-03-04 14:37:59+00:00,89.89,0.2777,32.77,1,False,0.0416
20,2026-03-04 14:38:19+00:00,102.04,0.2841,32.94,1,False,0.15
21,2026-03-04 14:38:39+00:00,199.88,0.2707,32.94,1,False,0.1931
22,2026-03-04 14:38:59+00:00,65.83,0.2795,33.0,1,False,0.217
23,2026-03-04 14:39:19+00:00,75.16,0.2838,32.73,1,False,0.1465
24,2026-03-04 14:39:39+00:00,94.23,0.2721,33.0,1,False,0.1248
25,2026-03-04 14:39:59+00:00,155.8,0.2714,33.0,1,False,0.1115
26,2026-03-04 14:40:19+00:00,0.0,0.2702,32.79,1,False,0.2437
27,2026-03-04 14:40:39+00:00,45.07,0.2714,32.89,1,False,0.0759
28,2026-03-04 14:40:59+00:00,160.29,0.2745,32.87,1,False,0.1054
29,2026-03-04 14:41:19+00:00,87.49,0.2698,33.0,1,False,0.0625
30,2026-03-04 14:41:39+00:00,280.27,0.28,32.97,1,False,0.3482
31,2026-03-04 14:41:59+00:00,126.37,0.2809,32.93,1,False,0.0783
32,2026-03-04 14:42:19+00:00,173.7,0.2758,33.0,1,False,0.023
33,2026-03-04 14:42:39+00:00,257.66,0.5886,33.0,1,False,0.3116
34,2026-03-04 14:42:59+00:00,84.62,0.2794,33.0,1,False,0.0648
35,2026-03-04 14:43:19+00:00,94.79,0.2747,32.82,1,False,0.0267
36,2026-03-04 14:43:39+00:00,143.32,0.2729,32.99,1,False,0.016
37,2026-03-04 14:43:59+00:00,53.39,0.2802,32.75,1,False,0.1041
38,2026-03-04 14:44:19+00:00,0.0,0.2644,33.0,1,False,0.1742
39,2026-03-04 14:44:39+00:00,140.64,0.2643,33.0,1,False,0.0632
40,2026-03-04 14:44:59+00:00,87.56,0.2663,33.0,1,False,0.0083
41,2026-03-04 14:45:19+00:00,99.34,0.2709,32.59,1,False,0.0197
42,2026-03-04 14:45:39+00:00,209.48,0.2741,32.72,1,False,0.1191
43,2026-03-04 14:45:59+00:00,86.0,0.273,33.0,1,False,0.0714
44,2026-03-04 14:46:19+00:00,203.05,0.274,33.0,1,False,0.129
45,2026-03-04 14:46:39+00:00,62.68,0.2702,32.8,1,False,0.0712
46,2026-03-04 14:46:59+00:00,0.0,0.2679,32.86,1,False,0.1854
47,2026-03-04 14:47:19+00:00,22.04,0.063,32.69,1,False,0.1577
48,2026-03-04 14:47:39+00:00,71.68,0.2648,33.0,1,False,0.0494
49,2026-03-04 14:47:59+00:00,46.73,0.2706,33.0,1,False,0.0621
50,2026-03-04 14:48:19+00:00,98.32,0.2676,32.98,1,False,0.0236
51,2026-03-04 14:48:39+00:00,216.58,0.5756,32.98,1,False,0.2595
52,2026-03-04 14:48:59+00:00,0.0,0.2779,32.08,1,False,0.2399
53,2026-03-04 14:49:19+00:00,27.93,0.2785,32.94,1,False,0.083
54,2026-03-04 14:49:39+00:00,209.72,0.285,32.4,1,False,0.229
55,2026-03-04 14:49:59+00:00,14.93,0.0351,33.0,1,False,0.2475
56,2026-03-04 14:50:19+00:00,165.41,0.2686,32.9,1,False,0.102
57,2026-03-04 14:50:39+00:00,45.32,0.2797,32.9,1,False,0.0771
58,2026-03-04 14:50:59+00:00,5.78,0.2698,32.62,1,False,0.1741
59,2026-03-04 14:51:19+00:00,4.93,0.2696,32.88,1,False,0.2079
60,2026-03-04 14:51:39+00:00,40.58,0.2719,33.0,1,False,0.0974
61,2026-03-04 14:51:59+00:00,109.76,0.2857,32.79,1,False,0.1345
62,2026-03-04 14:52:19+00:00,249.08,0.2702,32.71,1,False,0.2602
63,2026-03-04 14:52:39+00:00,175.74,0.2721,33.0,1,False,0.0451
64,2026-03-04 14:52:59+00:00,0.0,0.2763,32.64,1,False,0.1798
65,2026-03-04 14:53:19+00:00,110.81,0.2699,32.75,1,False,0.0498
66,2026-03-04 14:53:39+00:00,133.5,0.2735,33.0,1,False,0.0363
67,2026-03-04 14:53:59+00:00,395.67,0.2857,32.92,-1,True,0.6781
68,2026-03-04 14:54:19+00:00,0.0,0.2738,32.66,1,False,0.3647
69,2026-03-04 14:54:39+00:00,136.92,0.2746,32.76,1,False,0.1778
70,2026-03-04 14:54:59+00:00,0.0,0.27,33.0,1,False,0.2669
71,2026-03-04 14:55:19+00:00,275.94,0.2692,32.87,1,False,0.531
72,2026-03-04 14:55:39+00:00,219.62,0.2726,32.79,1,False,0.4088
73,2026-03-04 14:55:59+00:00,0.0,0.2716,32.76,1,False,0.3917
74,2026-03-04 14:56:19+00:00,68.64,0.27,32.85,1,False,0.3075
75,2026-03-04 14:56:39+00:00,41.45,0.2779,32.96,1,False,0.3358
76,2026-03-04 14:56:59+00:00,68.9,0.2734,32.55,1,False,0.3073
77,2026-03-04 14:57:19+00:00,0.0,0.2807,33.0,1,False,0.2727
78,2026-03-04 14:57:39+00:00,54.85,0.2656,33.0,1,False,0.1201
79,2026-03-04 14:57:59+00:00,118.21,0.2781,32.96,1,False,0.1317
80,2026-03-04 14:58:19+00:00,185.27,0.2696,33.0,1,False,0.1072
81,2026-03-04 14:58:39+00:00,259.39,0.2831,32.51,1,False,0.287
82,2026-03-04 14:58:59+00:00,89.85,0.2788,32.87,1,False,0.0778
83,2026-03-04 14:59:19+00:00,17.97,0.0399,32.98,1,False,0.1865
84,2026-03-04 14:59:39+00:00,125.74,0.2816,32.87,1,False,0.0745
85,2026-03-04 14:59:59+00:00,43.15,0.2744,33.0,1,False,0.0506
86,2026-03-04 15:00:19+00:00,228.73,0.2841,32.84,1,False,0.2158
87,2026-03-04 15:00:39+00:00,172.52,0.2747,33.0,1,False,0.013
88,2026-03-04 15:00:59+00:00,410.44,0.2788,32.96,-1,True,0.7286
89,2026-03-04 15:01:19+00:00,116.53,0.268,33.0,1,False,0.3157
90,2026-03-04 15:01:39+00:00,145.17,0.2735,33.0,1,False,0.1446
91,2026-03-04 15:01:59+00:00,94.54,0.2702,32.9,1,False,0.1498
92,2026-03-04 15:02:19+00:00,81.24,0.2747,32.81,1,False,0.142
93,2026-03-04 15:02:39+00:00,251.05,0.2744,32.85,1,False,0.2788
94,2026-03-04 15:02:59+00:00,33.14,0.2838,33.0,1,False,0.2112
95,2026-03-04 15:03:19+00:00,141.31,0.2655,32.64,1,False,0.1593
96,2026-03-04 15:03:39+00:00,174.48,0.2645,32.66,1,False,0.1558
97,2026-03-04 15:03:59+00:00,0.0,0.2805,32.61,1,False,0.2297
98,2026-03-04 15:04:19+00:00,153.3,0.2586,32.77,1,False,0.1219
99,2026-03-04 15:04:39+00:00,110.41,0.2793,32.98,1,False,0.014
100,2026-03-04 15:04:59+00:00,159.34,0.2779,32.68,1,False,0.0092
101,2026-03-04 15:05:19+00:00,160.7,0.2709,33.0,1,False,0.0658
102,2026-03-04 15:05:39+00:00,103.02,0.2735,32.99,1,False,0.0246
103,2026-03-04 15:05:59+00:00,0.0,0.2682,33.0,1,False,0.2067
104,2026-03-04 15:06:19+00:00,580.54,1.5229,32.78,-1,True,0.931
105,2026-03-04 15:06:39+00:00,52.09,0.2816,32.94,1,False,0.5222
106,2026-03-04 15:06:59+00:00,107.0,0.2692,32.87,1,False,0.2717
107,2026-03-04 15:07:19+00:00,7.43,0.2666,33.0,1,False,0.3962
108,2026-03-04 15:07:39+00:00,190.54,0.2863,32.48,1,False,0.3293
109,2026-03-04 15:07:59+00:00,19.07,0.2762,32.78,1,False,0.3506
110,2026-03-04 15:08:19+00:00,125.33,0.2806,32.72,1,False,0.2755
111,2026-03-04 15:08:39+00:00,101.71,0.2788,32.85,1,False,0.2947
112,2026-03-04 15:08:59+00:00,125.45,0.2777,32.99,1,False,0.2746
113,2026-03-04 15:09:19+00:00,130.93,0.2769,32.71,1,False,0.2815
114,2026-03-04 15:09:39+00:00,28.32,0.2735,32.72,1,False,0.2117
115,2026-03-04 15:09:59+00:00,0.0,0.2763,32.86,1,False,0.1915
116,2026-03-04 15:10:19+00:00,209.21,0.2585,32.93,1,False,0.2088
117,2026-03-04 15:10:39+00:00,517.24,1.4857,32.67,-1,True,0.7563
118,2026-03-04 15:10:59+00:00,57.99,0.2685,33.0,1,False,0.4213
119,2026-03-04 15:11:19+00:00,0.0,0.2732,32.56,1,False,0.3359
120,2026-03-04 15:11:39+00:00,189.34,0.2649,32.86,1,False,0.2897
121,2026-03-04 15:11:59+00:00,140.53,0.2713,32.59,1,False,0.2269
122,2026-03-04 15:12:19+00:00,149.29,0.2771,32.54,1,False,0.2197
123,2026-03-04 15:12:39+00:00,174.09,0.261,33.0,1,False,0.2455
124,2026-03-04 15:12:59+00:00,282.17,0.2653,32.81,1,False,0.481
125,2026-03-04 15:13:19+00:00,393.27,0.2821,32.67,-1,True,0.7852
126,2026-03-04 15:13:39+00:00,0.0,0.274,32.85,1,False,0.5632
127,2026-03-04 15:13:59+00:00,99.32,0.2765,33.0,1,False,0.1921
128,2026-03-04 15:14:19+00:00,4.83,0.2843,32.97,1,False,0.2651
129,2026-03-04 15:14:39+00:00,0.0,0.2765,33.0,1,False,0.2609
130,2026-03-04 15:14:59+00:00,3.56,0.2737,33.0,1,False,0.2892
131,2026-03-04 15:15:19+00:00,27.69,0.2711,33.0,1,False,0.1696
132,2026-03-04 15:15:39+00:00,226.33,0.2669,32.65,1,False,0.3084
133,2026-03-04 15:15:59+00:00,478.95,1.0878,32.89,-1,True,0.7875
134,2026-03-04 15:16:19+00:00,0.0,0.2676,32.48,-1,True,0.6458
135,2026-03-04 15:16:39+00:00,104.87,0.2613,32.88,1,False,0.3786
136,2026-03-04 15:16:59+00:00,191.32,0.2856,32.77,1,False,0.2788
137,2026-03-04 15:17:19+00:00,0.0,0.279,32.74,1,False,0.3329
138,2026-03-04 15:17:39+00:00,5.01,0.0126,32.91,1,False,0.4663
139,2026-03-04 15:17:59+00:00,71.55,0.2771,32.6,1,False,0.232
140,2026-03-04 15:18:19+00:00,116.53,0.2649,32.69,1,False,0.2355
141,2026-03-04 15:18:39+00:00,202.11,0.2709,32.83,1,False,0.2424
142,2026-03-04 15:18:59+00:00,112.98,0.2712,32.75,1,False,0.1961
143,2026-03-04 15:19:19+00:00,0.0,0.2693,32.56,1,False,0.2398
144,2026-03-04 15:19:39+00:00,0.0,0.2667,32.52,1,False,0.1943
145,2026-03-04 15:19:59+00:00,213.41,0.2651,32.7,1,False,0.2221
146,2026-03-04 15:20:19+00:00,138.93,0.266,32.73,1,False,0.0642
147,2026-03-04 15:20:39+00:00,156.29,0.2688,32.86,1,False,0.0373
148,2026-03-04 15:20:59+00:00,155.08,0.2806,32.52,1,False,0.07
149,2026-03-04 15:21:19+00:00,125.97,0.2644,32.88,1,False,0.043
150,2026-03-04 15:21:39+00:00,129.94,0.2699,32.27,1,False,0.0462
151,2026-03-04 15:21:59+00:00,113.37,0.2805,32.65,1,False,0.0452
152,2026-03-04 15:22:19+00:00,258.52,0.2721,32.58,1,False,0.2443
153,2026-03-04 15:22:39+00:00,122.52,0.2765,32.53,1,False,0.0837
154,2026-03-04 15:22:59+00:00,107.38,0.273,33.0,1,False,0.1564
155,2026-03-04 15:23:19+00:00,178.81,0.2713,32.37,1,False,0.161
156,2026-03-04 15:23:39+00:00,0.0,0.2679,32.91,1,False,0.2605
157,2026-03-04 15:23:59+00:00,12.39,0.0293,32.91,1,False,0.2324
158,2026-03-04 15:24:19+00:00,58.95,0.2799,32.64,1,False,0.0217
159,2026-03-04 15:24:39+00:00,194.75,0.2722,32.6,1,False,0.0691
160,2026-03-04 15:24:59+00:00,110.46,0.2726,32.94,1,False,0.0163
161,2026-03-04 15:25:19+00:00,75.98,0.2598,32.91,1,False,0.0045
162,2026-03-04 15:25:39+00:00,235.26,0.281,33.0,1,False,0.1989
163,2026-03-04 15:25:59+00:00,174.77,0.2702,32.95,1,False,0.017
164,2026-03-04 15:26:19+00:00,49.59,0.2695,32.9,1,False,0.0482
165,2026-03-04 15:26:39+00:00,125.87,0.2652,32.28,1,False,0.0533
166,2026-03-04 15:26:59+00:00,155.11,0.271,33.0,1,False,0.0188
167,2026-03-04 15:27:19+00:00,98.66,0.2747,32.56,1,False,0.0547
168,2026-03-04 15:27:39+00:00,290.31,0.2693,32.74,1,False,0.4051
169,2026-03-04 15:27:59+00:00,174.64,0.2626,32.54,1,False,0.0708
170,2026-03-04 15:28:19+00:00,142.6,0.2754,32.78,1,False,0.0315
171,2026-03-04 15:28:39+00:00,155.44,0.283,32.86,1,False,0.0776
172,2026-03-04 15:28:59+00:00,225.26,0.2823,32.68,1,False,0.1672
173,2026-03-04 15:29:19+00:00,159.57,0.2845,33.0,1,False,0.0671
174,2026-03-04 15:29:39+00:00,69.66,0.27,32.99,1,False,0.1953
175,2026-03-04 15:29:59+00:00,157.52,0.2859,32.8,1,False,0.1232
176,2026-03-04 15:30:19+00:00,86.83,0.2917,32.55,1,False,0.1689
177,2026-03-04 15:30:39+00:00,234.1,0.5841,33.0,1,False,0.346
178,2026-03-04 15:30:59+00:00,156.39,0.266,32.7,1,False,0.1345
179,2026-03-04 15:31:19+00:00,169.73,0.2747,32.64,1,False,0.1146
180,2026-03-04 15:31:39+00:00,0.0,0.2682,32.77,1,False,0.2374
181,2026-03-04 15:31:59+00:00,24.41,0.2799,32.28,1,False,0.0942
182,2026-03-04 15:32:19+00:00,143.38,0.2825,32.79,1,False,0.0749
183,2026-03-04 15:32:39+00:00,147.84,0.2737,32.82,1,False,0.0449
184,2026-03-04 15:32:59+00:00,84.39,0.2654,32.67,1,False,0.0179
185,2026-03-04 15:33:19+00:00,69.15,0.2676,32.64,1,False,0.0439
186,2026-03-04 15:33:39+00:00,129.21,0.2715,32.75,1,False,0.0052
187,2026-03-04 15:33:59+00:00,200.17,0.2758,32.77,1,False,0.1251
188,2026-03-04 15:34:19+00:00,29.3,0.278,32.88,1,False,0.139
189,2026-03-04 15:34:39+00:00,34.15,0.2755,32.64,1,False,0.105
190,2026-03-04 15:34:59+00:00,178.23,0.2677,32.47,1,False,0.1268
191,2026-03-04 15:35:19+00:00,1.83,0.2695,32.82,1,False,0.2423
192,2026-03-04 15:35:39+00:00,157.24,0.2695,33.0,1,False,0.0781
193,2026-03-04 15:35:59+00:00,166.98,0.2641,32.85,1,False,0.0673
194,2026-03-04 15:36:19+00:00,163.57,0.2659,32.64,1,False,0.0721
195,2026-03-04 15:36:39+00:00,97.82,0.2728,32.47,1,False,0.0375
196,2026-03-04 15:36:59+00:00,130.3,0.2672,32.63,1,False,0.0278
197,2026-03-04 15:37:19+00:00,83.32,0.2816,32.79,1,False,0.042
198,2026-03-04 15:37:39+00:00,35.48,0.2717,32.64,1,False,0.102
199,2026-03-04 15:37:59+00:00,362.87,1.0244,32.7,-1,True,0.6835
200,2026-03-04 15:38:19+00:00,113.48,0.2775,32.77,1,False,0.2451
201,2026-03-04 15:38:39+00:00,136.27,0.2667,32.69,1,False,0.1655
202,2026-03-04 15:38:59+00:00,63.26,0.2635,32.9,1,False,0.1457
203,2026-03-04 15:39:19+00:00,36.16,0.2707,32.59,1,False,0.1806
204,2026-03-04 15:39:39+00:00,138.8,0.2669,32.83,1,False,0.157
205,2026-03-04 15:39:59+00:00,77.24,0.2722,32.73,1,False,0.1466
206,2026-03-04 15:40:19+00:00,28.24,0.279,32.73,1,False,0.1876
207,2026-03-04 15:40:39+00:00,98.12,0.2788,32.59,1,False,0.1671
208,2026-03-04 15:40:59+00:00,10.27,0.2726,32.52,1,False,0.2593
209,2026-03-04 15:41:19+00:00,233.61,0.275,32.06,1,False,0.3429
210,2026-03-04 15:41:39+00:00,216.11,0.2703,32.72,1,False,0.1514
211,2026-03-04 15:41:59+00:00,24.46,0.2683,33.0,1,False,0.1351
212,2026-03-04 15:42:19+00:00,0.0,0.2633,32.5,1,False,0.1635
213,2026-03-04 15:42:39+00:00,165.55,0.2668,32.61,1,False,0.0837
214,2026-03-04 15:42:59+00:00,219.2,0.2754,32.4,1,False,0.1407
215,2026-03-04 15:43:19+00:00,0.0,0.2755,32.73,1,False,0.2429
216,2026-03-04 15:43:39+00:00,54.5,0.2792,32.97,1,False,0.0611
217,2026-03-04 15:43:59+00:00,221.61,0.2675,32.8,1,False,0.1958
218,2026-03-04 15:44:19+00:00,171.21,0.2672,32.76,1,False,0.0353
219,2026-03-04 15:44:39+00:00,287.44,0.2668,32.99,1,False,0.3349
220,2026-03-04 15:44:59+00:00,8.01,0.0218,32.66,1,False,0.427
221,2026-03-04 15:45:19+00:00,25.82,0.0694,32.66,1,False,0.2192
222,2026-03-04 15:45:39+00:00,165.53,0.2686,32.93,1,False,0.0811
223,2026-03-04 15:45:59+00:00,182.41,0.2782,32.67,1,False,0.0786
224,2026-03-04 15:46:19+00:00,0.0,0.2729,32.89,1,False,0.1777
225,2026-03-04 15:46:39+00:00,41.62,0.2705,33.0,1,False,0.0823
226,2026-03-04 15:46:59+00:00,0.0,0.2646,32.69,1,False,0.1622
227,2026-03-04 15:47:19+00:00,82.4,0.2706,32.5,1,False,0.0884
228,2026-03-04 15:47:39+00:00,26.9,0.0681,32.53,1,False,0.2138
229,2026-03-04 15:47:59+00:00,181.4,0.2703,32.65,1,False,0.2551
230,2026-03-04 15:48:19+00:00,71.38,0.2595,32.84,1,False,0.096
231,2026-03-04 15:48:39+00:00,189.37,0.285,32.34,1,False,0.1525
232,2026-03-04 15:48:59+00:00,69.0,0.2741,32.72,1,False,0.0875
233,2026-03-04 15:49:19+00:00,140.4,0.2811,33.0,1,False,0.0874
234,2026-03-04 15:49:39+00:00,0.0,0.2707,32.52,1,False,0.2087
235,2026-03-04 15:49:59+00:00,146.28,0.276,32.65,1,False,0.0858
236,2026-03-04 15:50:19+00:00,45.4,0.2658,32.15,1,False,0.092
237,2026-03-04 15:50:39+00:00,98.65,0.27,32.51,1,False,0.0491
238,2026-03-04 15:50:59+00:00,118.34,0.2691,32.49,1,False,0.078
239,2026-03-04 15:51:19+00:00,147.91,0.2704,32.7,1,False,0.0804
240,2026-03-04 15:51:39+00:00,152.21,0.2619,32.46,1,False,0.1204
241,2026-03-04 15:51:59+00:00,115.5,0.2681,32.63,1,False,0.0995
242,2026-03-04 15:52:19+00:00,0.0,0.2747,32.61,1,False,0.252
243,2026-03-04 15:52:39+00:00,519.0,1.1745,32.55,-1,True,0.8284
244,2026-03-04 15:52:59+00:00,252.96,0.2745,32.68,1,False,0.3862
245,2026-03-04 15:53:19+00:00,1.47,0.2832,32.41,1,False,0.454
246,2026-03-04 15:53:39+00:00,0.0,0.2772,32.9,1,False,0.4388
247,2026-03-04 15:53:59+00:00,173.61,0.2772,32.22,1,False,0.3535
248,2026-03-04 15:54:19+00:00,178.25,0.2696,32.65,1,False,0.363
249,2026-03-04 15:54:39+00:00,152.15,0.2633,32.6,1,False,0.3455
250,2026-03-04 15:54:59+00:00,0.0,0.2712,33.0,1,False,0.4298
251,2026-03-04 15:55:19+00:00,280.83,0.2681,32.62,1,False,0.5864
252,2026-03-04 15:55:39+00:00,111.36,0.2618,32.81,1,False,0.4098
253,2026-03-04 15:55:59+00:00,0.0,0.2851,32.19,1,False,0.3568
254,2026-03-04 15:56:19+00:00,45.1,0.2625,32.48,1,False,0.166
255,2026-03-04 15:56:39+00:00,28.55,0.2831,32.63,1,False,0.1111
256,2026-03-04 15:56:59+00:00,22.59,0.2812,32.59,1,False,0.1263
257,2026-03-04 15:57:19+00:00,302.92,0.2775,32.67,1,False,0.5058
258,2026-03-04 15:57:39+00:00,190.36,0.2823,32.67,1,False,0.1648
259,2026-03-04 15:57:59+00:00,156.28,0.2694,32.41,1,False,0.1403
260,2026-03-04 15:58:19+00:00,134.95,0.2692,32.63,1,False,0.1366
261,2026-03-04 15:58:39+00:00,77.16,0.2809,32.71,1,False,0.0971
262,2026-03-04 15:58:59+00:00,32.58,0.2627,32.78,1,False,0.1154
263,2026-03-04 15:59:19+00:00,202.63,0.274,32.68,1,False,0.1224
264,2026-03-04 15:59:39+00:00,13.03,0.2794,32.8,1,False,0.1764
265,2026-03-04 15:59:59+00:00,224.74,0.2704,32.8,1,False,0.2084
266,2026-03-04 16:00:19+00:00,78.08,0.2836,32.34,1,False,0.0866
267,2026-03-04 16:00:39+00:00,172.23,0.2767,32.99,1,False,0.031
268,2026-03-04 16:00:59+00:00,119.71,0.2771,32.65,1,False,0.0406
269,2026-03-04 16:01:19+00:00,185.21,0.2555,32.45,1,False,0.0702
270,2026-03-04 16:01:39+00:00,130.75,0.276,32.27,1,False,0.0173
271,2026-03-04 16:01:59+00:00,26.3,0.2684,32.59,1,False,0.1259
272,2026-03-04 16:02:19+00:00,235.31,0.274,32.33,1,False,0.2026
273,2026-03-04 16:02:39+00:00,87.47,0.2705,32.39,1,False,0.0699
274,2026-03-04 16:02:59+00:00,53.58,0.2718,32.31,1,False,0.0859
275,2026-03-04 16:03:19+00:00,159.21,0.2742,32.55,1,False,0.0541
276,2026-03-04 16:03:39+00:00,252.95,0.2681,32.84,1,False,0.2648
277,2026-03-04 16:03:59+00:00,116.1,0.2735,32.34,1,False,0.0927
278,2026-03-04 16:04:19+00:00,222.69,0.2608,32.78,1,False,0.1541
279,2026-03-04 16:04:39+00:00,40.14,0.2651,32.8,1,False,0.1346
280,2026-03-04 16:04:59+00:00,147.54,0.2758,32.45,1,False,0.0259
281,2026-03-04 16:05:19+00:00,0.0,0.272,32.61,1,False,0.1774
282,2026-03-04 16:05:39+00:00,83.63,0.2724,32.88,1,False,0.0
283,2026-03-04 16:05:59+00:00,196.86,0.2734,32.38,1,False,0.0524
284,2026-03-04 16:06:19+00:00,8.04,0.2684,32.27,1,False,0.2151
285,2026-03-04 16:06:39+00:00,247.62,0.2723,32.19,1,False,0.2591
286,2026-03-04 16:06:59+00:00,83.01,0.2717,32.71,1,False,0.05
287,2026-03-04 16:07:19+00:00,117.04,0.2692,32.64,1,False,0.022
288,2026-03-04 16:07:39+00:00,217.33,0.2701,32.52,1,False,0.1246
289,2026-03-04 16:07:59+00:00,27.12,0.2794,32.3,1,False,0.1203
290,2026-03-04 16:08:19+00:00,0.0,0.2685,32.4,1,False,0.1448
291,2026-03-04 16:08:39+00:00,165.68,0.2785,32.21,1,False,0.0657
292,2026-03-04 16:08:59+00:00,128.81,0.2806,32.31,1,False,0.0305
293,2026-03-04 16:09:19+00:00,148.8,0.2779,32.38,1,False,0.0033
294,2026-03-04 16:09:39+00:00,93.59,0.2675,32.22,1,False,0.01
295,2026-03-04 16:09:59+00:00,225.7,0.2722,32.51,1,False,0.1657
296,2026-03-04 16:10:19+00:00,82.92,0.2661,32.55,1,False,0.0627
297,2026-03-04 16:10:39+00:00,230.01,0.2736,32.72,1,False,0.1371
298,2026-03-04 16:10:59+00:00,274.89,0.2749,32.52,1,False,0.2858
299,2026-03-04 16:11:19+00:00,315.11,0.2872,33.0,1,False,0.4585
300,2026-03-04 16:11:39+00:00,125.11,0.2854,32.21,1,False,0.2156
301,2026-03-04 16:11:59+00:00,287.21,0.2756,32.61,1,False,0.3994
302,2026-03-04 16:12:19+00:00,559.05,1.4822,32.4,-1,True,0.8303
303,2026-03-04 16:12:39+00:00,1.97,0.2688,32.41,-1,True,0.7524
304,2026-03-04 16:12:59+00:00,298.34,0.2722,32.27,-1,True,0.7335
305,2026-03-04 16:13:19+00:00,133.11,0.2629,32.21,1,False,0.5601
306,2026-03-04 16:13:39+00:00,0.0,0.2708,32.32,1,False,0.6186
307,2026-03-04 16:13:59+00:00,0.0,0.2613,32.43,1,False,0.6016
308,2026-03-04 16:14:19+00:00,169.15,0.2773,32.15,1,False,0.4788
309,2026-03-04 16:14:39+00:00,10.05,0.2851,32.39,1,False,0.5053
310,2026-03-04 16:14:59+00:00,71.73,0.2689,32.68,1,False,0.4194
311,2026-03-04 16:15:19+00:00,245.41,0.2765,32.22,1,False,0.5061
312,2026-03-04 16:15:39+00:00,206.95,0.2693,32.51,1,False,0.2358
313,2026-03-04 16:15:59+00:00,134.92,0.2634,32.18,1,False,0.097
314,2026-03-04 16:16:19+00:00,430.57,1.1476,32.21,-1,True,0.6778
315,2026-03-04 16:16:39+00:00,21.37,0.2735,32.21,1,False,0.3624
316,2026-03-04 16:16:59+00:00,92.61,0.2643,32.63,1,False,0.1901
317,2026-03-04 16:17:19+00:00,164.36,0.2723,32.34,1,False,0.208
318,2026-03-04 16:17:39+00:00,175.19,0.2679,32.3,1,False,0.2055
319,2026-03-04 16:17:59+00:00,37.88,0.2729,32.54,1,False,0.2526
320,2026-03-04 16:18:19+00:00,0.0,0.276,32.1,1,False,0.3048
321,2026-03-04 16:18:39+00:00,315.16,0.2656,32.37,-1,True,0.6859
322,2026-03-04 16:18:59+00:00,178.33,0.2698,32.26,1,False,0.3215
323,2026-03-04 16:19:19+00:00,5.32,0.2685,32.28,1,False,0.4159
324,2026-03-04 16:19:39+00:00,51.63,0.2737,32.38,1,False,0.1387
325,2026-03-04 16:19:59+00:00,0.0,0.2702,32.08,1,False,0.167
326,2026-03-04 16:20:19+00:00,297.72,0.72,32.5,1,False,0.6043
327,2026-03-04 16:20:39+00:00,84.75,0.2847,32.18,1,False,0.1945
328,2026-03-04 16:20:59+00:00,131.12,0.2707,32.54,1,False,0.1417
329,2026-03-04 16:21:19+00:00,69.18,0.271,32.2,1,False,0.1449
330,2026-03-04 16:21:39+00:00,73.32,0.2776,32.39,1,False,0.1581
331,2026-03-04 16:21:59+00:00,250.53,0.2635,32.54,1,False,0.3017
332,2026-03-04 16:22:19+00:00,28.5,0.2665,32.35,1,False,0.1448
333,2026-03-04 16:22:39+00:00,109.35,0.2742,32.1,1,False,0.0805
334,2026-03-04 16:22:59+00:00,200.09,0.4643,32.38,1,False,0.1883
335,2026-03-04 16:23:19+00:00,149.96,0.2758,32.18,1,False,0.0792
336,2026-03-04 16:23:39+00:00,138.42,0.2746,32.27,1,False,0.0295
337,2026-03-04 16:23:59+00:00,109.63,0.2647,32.45,1,False,0.0351
338,2026-03-04 16:24:19+00:00,86.78,0.2879,32.1,1,False,0.0745
339,2026-03-04 16:24:39+00:00,179.62,0.2625,32.68,1,False,0.0663
340,2026-03-04 16:24:59+00:00,61.58,0.2715,32.51,1,False,0.1132
341,2026-03-04 16:25:19+00:00,205.28,0.2676,32.3,1,False,0.2071
342,2026-03-04 16:25:39+00:00,0.0,0.2742,33.0,1,False,0.2858
343,2026-03-04 16:25:59+00:00,128.99,0.2728,32.32,1,False,0.0674
344,2026-03-04 16:26:19+00:00,275.25,0.7743,32.37,1,False,0.3987
345,2026-03-04 16:26:39+00:00,0.0,0.2774,32.3,1,False,0.2936
346,2026-03-04 16:26:59+00:00,141.2,0.2707,32.4,1,False,0.0798
347,2026-03-04 16:27:19+00:00,93.18,0.2691,32.5,1,False,0.0632
348,2026-03-04 16:27:39+00:00,87.45,0.2624,32.56,1,False,0.0725
349,2026-03-04 16:27:59+00:00,113.56,0.2676,32.56,1,False,0.0843
350,2026-03-04 16:28:19+00:00,0.0,0.2692,32.37,1,False,0.1522
351,2026-03-04 16:28:39+00:00,54.94,0.2788,32.43,1,False,0.1213
352,2026-03-04 16:28:59+00:00,0.0,0.2669,32.4,1,False,0.1898
353,2026-03-04 16:29:19+00:00,3.95,0.2803,32.16,1,False,0.2238
354,2026-03-04 16:29:39+00:00,22.23,0.0581,32.55,1,False,0.2771
355,2026-03-04 16:29:59+00:00,249.81,0.2667,32.35,1,False,0.3565
356,2026-03-04 16:30:19+00:00,101.79,0.268,32.13,1,False,0.1169
357,2026-03-04 16:30:39+00:00,123.51,0.2695,32.21,1,False,0.0914
358,2026-03-04 16:30:59+00:00,151.57,0.2564,32.18,1,False,0.0693
359,2026-03-04 16:31:19+00:00,134.66,0.2682,32.11,1,False,0.052
360,2026-03-04 16:31:39+00:00,0.0,0.2656,31.97,1,False,0.1776
361,2026-03-04 16:31:59+00:00,91.13,0.2742,31.89,1,False,0.041
362,2026-03-04 16:32:19+00:00,134.94,0.2792,32.29,1,False,0.0107
363,2026-03-04 16:32:39+00:00,53.51,0.2861,32.25,1,False,0.049
364,2026-03-04 16:32:59+00:00,178.92,0.2758,31.9,1,False,0.0474
365,2026-03-04 16:33:19+00:00,573.32,1.3483,32.15,-1,True,0.8431
366,2026-03-04 16:33:39+00:00,228.44,0.276,32.06,1,False,0.4433
367,2026-03-04 16:33:59+00:00,0.0,0.2718,32.1,1,False,0.3788
368,2026-03-04 16:34:19+00:00,107.04,0.272,32.12,1,False,0.2468
369,2026-03-04 16:34:39+00:00,42.29,0.2813,32.34,1,False,0.3339
370,2026-03-04 16:34:59+00:00,252.55,0.278,32.47,1,False,0.4153
371,2026-03-04 16:35:19+00:00,96.26,0.2753,32.42,1,False,0.2873
372,2026-03-04 16:35:39+00:00,28.25,0.2706,31.9,1,False,0.3358
373,2026-03-04 16:35:59+00:00,126.36,0.2692,32.28,1,False,0.2799
374,2026-03-04 16:36:19+00:00,12.27,0.0363,32.01,1,False,0.4292
375,2026-03-04 16:36:39+00:00,142.49,0.2664,32.0,1,False,0.1175
376,2026-03-04 16:36:59+00:00,228.0,0.2756,32.36,1,False,0.1804
377,2026-03-04 16:37:19+00:00,38.94,0.277,32.34,1,False,0.0989
378,2026-03-04 16:37:39+00:00,0.0,0.2829,32.1,1,False,0.1674
379,2026-03-04 16:37:59+00:00,61.26,0.2472,32.23,1,False,0.0544
380,2026-03-04 16:38:19+00:00,46.73,0.2789,32.65,1,False,0.0569
381,2026-03-04 16:38:39+00:00,129.08,0.2623,32.26,1,False,0.0884
382,2026-03-04 16:38:59+00:00,157.62,0.2568,32.02,1,False,0.0701
383,2026-03-04 16:39:19+00:00,200.73,0.2691,31.95,1,False,0.0955
384,2026-03-04 16:39:39+00:00,0.0,0.2801,32.17,1,False,0.2129
385,2026-03-04 16:39:59+00:00,0.0,0.2846,32.21,1,False,0.1962
386,2026-03-04 16:40:19+00:00,150.69,0.2568,32.08,1,False,0.131
387,2026-03-04 16:40:39+00:00,180.4,0.2654,32.34,1,False,0.1033
388,2026-03-04 16:40:59+00:00,172.44,0.2716,32.31,1,False,0.0659
389,2026-03-04 16:41:19+00:00,277.68,0.2822,32.11,1,False,0.2795
390,2026-03-04 16:41:39+00:00,7.49,0.0166,32.28,1,False,0.4448
391,2026-03-04 16:41:59+00:00,136.1,0.272,32.1,1,False,0.0907
392,2026-03-04 16:42:19+00:00,2.63,0.2729,32.43,1,False,0.164
393,2026-03-04 16:42:39+00:00,155.72,0.2741,32.27,1,False,0.0782
394,2026-03-04 16:42:59+00:00,0.0,0.2784,32.18,1,False,0.158
395,2026-03-04 16:43:19+00:00,160.97,0.2696,31.76,1,False,0.0934
396,2026-03-04 16:43:39+00:00,108.26,0.2745,32.34,1,False,0.056
397,2026-03-04 16:43:59+00:00,168.29,0.2837,32.16,1,False,0.0991
398,2026-03-04 16:44:19+00:00,0.0,0.2802,32.34,1,False,0.1574
399,2026-03-04 16:44:39+00:00,277.62,0.279,32.15,1,False,0.5049
400,2026-03-04 16:44:59+00:00,156.79,0.2773,32.39,1,False,0.0779
401,2026-03-04 16:45:19+00:00,94.29,0.2707,32.17,1,False,0.0799
402,2026-03-04 16:45:39+00:00,100.5,0.2768,32.17,1,False,0.0671
403,2026-03-04 16:45:59+00:00,54.13,0.2746,31.8,1,False,0.0778
404,2026-03-04 16:46:19+00:00,215.29,0.2744,32.18,1,False,0.152
405,2026-03-04 16:46:39+00:00,200.86,0.2705,32.32,1,False,0.1249
406,2026-03-04 16:46:59+00:00,204.14,0.2718,32.3,1,False,0.1416
407,2026-03-04 16:47:19+00:00,78.78,0.2824,32.41,1,False,0.0801
408,2026-03-04 16:47:39+00:00,117.92,0.2704,31.93,1,False,0.1388
409,2026-03-04 16:47:59+00:00,84.35,0.2733,32.04,1,False,0.077
410,2026-03-04 16:48:19+00:00,180.88,0.274,32.18,1,False,0.0904
411,2026-03-04 16:48:39+00:00,336.19,0.2792,32.06,1,False,0.4722
412,2026-03-04 16:48:59+00:00,180.13,0.269,31.94,1,False,0.0987
413,2026-03-04 16:49:19+00:00,214.83,0.2715,31.8,1,False,0.1831
414,2026-03-04 16:49:39+00:00,148.53,0.2625,31.92,1,False,0.1344
415,2026-03-04 16:49:59+00:00,0.0,0.2696,32.28,1,False,0.2417
416,2026-03-04 16:50:19+00:00,196.56,0.2786,32.34,1,False,0.1654
417,2026-03-04 16:50:39+00:00,232.41,0.2693,32.02,1,False,0.2397
418,2026-03-04 16:50:59+00:00,76.23,0.2822,32.18,1,False,0.1417
419,2026-03-04 16:51:19+00:00,106.26,0.2773,31.67,1,False,0.1426
420,2026-03-04 16:51:39+00:00,34.66,0.27,32.16,1,False,0.1605
421,2026-03-04 16:51:59+00:00,0.0,0.2677,32.19,1,False,0.153
422,2026-03-04 16:52:19+00:00,0.0,0.2645,31.91,1,False,0.1867
423,2026-03-04 16:52:39+00:00,172.35,0.302,32.2,1,False,0.125
424,2026-03-04 16:52:59+00:00,12.95,0.0362,32.25,1,False,0.2399
425,2026-03-04 16:53:19+00:00,114.26,0.261,32.39,1,False,0.0644
426,2026-03-04 16:53:39+00:00,177.69,0.2719,32.15,1,False,0.0701
427,2026-03-04 16:53:59+00:00,47.0,0.2714,31.92,1,False,0.123
428,2026-03-04 16:54:19+00:00,358.24,0.274,32.31,-1,True,0.6655
429,2026-03-04 16:54:39+00:00,106.26,0.2841,32.44,1,False,0.2607
430,2026-03-04 16:54:59+00:00,137.39,0.2874,31.46,1,False,0.2299
431,2026-03-04 16:55:19+00:00,44.05,0.2695,32.25,1,False,0.1579
432,2026-03-04 16:55:39+00:00,41.66,0.2769,31.91,1,False,0.2224
433,2026-03-04 16:55:59+00:00,0.0,0.2811,32.13,1,False,0.2506
434,2026-03-04 16:56:19+00:00,8.61,0.0241,32.29,1,False,0.3504
435,2026-03-04 16:56:39+00:00,0.0,0.2723,31.99,1,False,0.2961
436,2026-03-04 16:56:59+00:00,6.41,0.2713,31.86,1,False,0.3245
437,2026-03-04 16:57:19+00:00,77.2,0.2773,31.93,1,False,0.2234
438,2026-03-04 16:57:39+00:00,213.98,0.5298,32.05,1,False,0.3902
439,2026-03-04 16:57:59+00:00,27.89,0.2775,32.21,1,False,0.1755
440,2026-03-04 16:58:19+00:00,217.44,0.277,32.17,1,False,0.2266
441,2026-03-04 16:58:39+00:00,36.52,0.2607,32.09,1,False,0.1678
442,2026-03-04 16:58:59+00:00,84.53,0.2784,32.23,1,False,0.0537
443,2026-03-04 16:59:19+00:00,179.7,0.2873,31.66,1,False,0.122
444,2026-03-04 16:59:39+00:00,0.0,0.2621,31.76,1,False,0.1943
445,2026-03-04 16:59:59+00:00,210.01,0.2763,31.9,1,False,0.157
446,2026-03-04 17:00:19+00:00,176.14,0.2657,31.97,1,False,0.0509
447,2026-03-04 17:00:39+00:00,19.05,0.2802,32.15,1,False,0.1363
448,2026-03-04 17:00:59+00:00,101.42,0.2801,31.86,1,False,0.0273
449,2026-03-04 17:01:19+00:00,165.24,0.2701,32.27,1,False,0.0174
450,2026-03-04 17:01:39+00:00,99.62,0.2734,32.06,1,False,0.0289
451,2026-03-04 17:01:59+00:00,135.34,0.2696,31.57,1,False,0.0184
452,2026-03-04 17:02:19+00:00,43.98,0.2721,31.97,1,False,0.0764
453,2026-03-04 17:02:39+00:00,184.99,0.2813,31.92,1,False,0.0692
454,2026-03-04 17:02:59+00:00,25.64,0.2587,32.04,1,False,0.1624
455,2026-03-04 17:03:19+00:00,168.23,0.2676,31.81,1,False,0.0891
456,2026-03-04 17:03:39+00:00,80.24,0.2736,32.23,1,False,0.0643
457,2026-03-04 17:03:59+00:00,260.34,0.2744,31.91,1,False,0.328
458,2026-03-04 17:04:19+00:00,126.84,0.2824,31.8,1,False,0.0881
459,2026-03-04 17:04:39+00:00,191.35,0.2753,32.01,1,False,0.039
460,2026-03-04 17:04:59+00:00,175.27,0.269,31.71,1,False,0.0359
461,2026-03-04 17:05:19+00:00,36.27,0.2751,32.08,1,False,0.1132
462,2026-03-04 17:05:39+00:00,181.92,0.269,31.99,1,False,0.0751
463,2026-03-04 17:05:59+00:00,2.29,0.2753,32.11,1,False,0.2003
464,2026-03-04 17:06:19+00:00,0.0,0.273,32.14,1,False,0.1671
465,2026-03-04 17:06:39+00:00,47.4,0.2755,32.08,1,False,0.0202
466,2026-03-04 17:06:59+00:00,0.0,0.2747,31.73,1,False,0.1369
467,2026-03-04 17:07:19+00:00,32.4,0.2884,31.95,1,False,0.1245
468,2026-03-04 17:07:39+00:00,120.53,0.2569,32.22,1,False,0.1332
469,2026-03-04 17:07:59+00:00,0.0,0.2794,32.34,1,False,0.2209
470,2026-03-04 17:08:19+00:00,37.85,0.2629,32.36,1,False,0.1725
471,2026-03-04 17:08:39+00:00,163.97,0.2629,31.81,1,False,0.1926
472,2026-03-04 17:08:59+00:00,108.49,0.2692,32.1,1,False,0.1661
473,2026-03-04 17:09:19+00:00,11.69,0.0329,32.0,1,False,0.2491
474,2026-03-04 17:09:39+00:00,145.88,0.2835,32.32,1,False,0.2374
475,2026-03-04 17:09:59+00:00,124.1,0.2775,31.89,1,False,0.1419
476,2026-03-04 17:10:19+00:00,77.03,0.2684,31.43,1,False,0.087
477,2026-03-04 17:10:39+00:00,58.76,0.2756,32.13,1,False,0.1167
478,2026-03-04 17:10:59+00:00,20.81,0.2746,32.1,1,False,0.1627
479,2026-03-04 17:11:19+00:00,21.34,0.2738,31.41,1,False,0.1862
480,2026-03-04 17:11:39+00:00,34.5,0.2732,31.77,1,False,0.1212
481,2026-03-04 17:11:59+00:00,171.51,0.2889,32.08,1,False,0.2786
482,2026-03-04 17:12:19+00:00,123.2,0.2584,32.01,1,False,0.1601
483,2026-03-04 17:12:39+00:00,189.78,0.2747,31.65,1,False,0.1685
484,2026-03-04 17:12:59+00:00,0.0,0.2827,31.89,1,False,0.236
485,2026-03-04 17:13:19+00:00,122.71,0.264,31.8,1,False,0.1396
486,2026-03-04 17:13:39+00:00,115.58,0.2712,31.59,1,False,0.0843
487,2026-03-04 17:13:59+00:00,228.68,0.2776,31.77,1,False,0.1661
488,2026-03-04 17:14:19+00:00,264.92,0.2669,32.01,1,False,0.308
489,2026-03-04 17:14:39+00:00,0.0,0.2864,31.62,1,False,0.3029
490,2026-03-04 17:14:59+00:00,0.0,0.2772,31.84,1,False,0.2018
491,2026-03-04 17:15:19+00:00,137.25,0.2706,31.48,1,False,0.0885
492,2026-03-04 17:15:39+00:00,79.51,0.2662,31.74,1,False,0.059
493,2026-03-04 17:15:59+00:00,40.9,0.2822,31.89,1,False,0.098
494,2026-03-04 17:16:19+00:00,203.5,0.278,31.83,1,False,0.1281
495,2026-03-04 17:16:39+00:00,15.67,0.0461,31.65,1,False,0.2709
496,2026-03-04 17:16:59+00:00,191.27,0.2801,31.63,1,False,0.1194
497,2026-03-04 17:17:19+00:00,628.81,1.4975,31.8,-1,True,0.9745
498,2026-03-04 17:17:39+00:00,280.37,0.258,31.63,-1,True,0.721
499,2026-03-04 17:17:59+00:00,141.41,0.277,31.9,1,False,0.366
500,2026-03-04 17:18:19+00:00,21.76,0.2789,31.98,1,False,0.4252
501,2026-03-04 17:18:39+00:00,129.87,0.2673,31.82,1,False,0.3535
502,2026-03-04 17:18:59+00:00,13.25,0.0296,32.05,1,False,0.5068
503,2026-03-04 17:19:19+00:00,138.99,0.276,31.63,1,False,0.3653
504,2026-03-04 17:19:39+00:00,153.76,0.2816,31.59,1,False,0.3507
505,2026-03-04 17:19:59+00:00,51.34,0.2714,31.51,1,False,0.3488
506,2026-03-04 17:20:19+00:00,56.93,0.27,31.38,1,False,0.3569
507,2026-03-04 17:20:39+00:00,112.09,0.2592,31.69,1,False,0.0836
508,2026-03-04 17:20:59+00:00,27.97,0.2714,32.1,1,False,0.1689
509,2026-03-04 17:21:19+00:00,79.08,0.2685,31.76,1,False,0.0999
510,2026-03-04 17:21:39+00:00,299.59,0.2772,31.67,1,False,0.4438
511,2026-03-04 17:21:59+00:00,244.88,0.2689,31.59,1,False,0.2233
512,2026-03-04 17:22:19+00:00,160.87,0.2806,31.87,1,False,0.015
513,2026-03-04 17:22:39+00:00,109.6,0.2796,31.66,1,False,0.0273
514,2026-03-04 17:22:59+00:00,115.09,0.281,31.58,1,False,0.0446
515,2026-03-04 17:23:19+00:00,84.7,0.2714,31.6,1,False,0.0138
516,2026-03-04 17:23:39+00:00,204.3,0.2724,31.61,1,False,0.0651
517,2026-03-04 17:23:59+00:00,155.43,0.2706,31.48,1,False,0.0211
518,2026-03-04 17:24:19+00:00,165.6,0.2709,32.02,1,False,0.0713
519,2026-03-04 17:24:39+00:00,87.17,0.277,31.65,1,False,0.154
520,2026-03-04 17:24:59+00:00,152.29,0.2569,31.72,1,False,0.1156
521,2026-03-04 17:25:19+00:00,97.63,0.2686,31.9,1,False,0.1779
522,2026-03-04 17:25:39+00:00,482.53,1.2653,31.72,-1,True,0.7677
523,2026-03-04 17:25:59+00:00,92.69,0.2717,31.59,1,False,0.3673
524,2026-03-04 17:26:19+00:00,55.15,0.273,31.58,1,False,0.2035
525,2026-03-04 17:26:39+00:00,73.49,0.2831,31.79,1,False,0.1995
526,2026-03-04 17:26:59+00:00,254.05,0.2842,31.81,1,False,0.3278
527,2026-03-04 17:27:19+00:00,208.37,0.269,31.77,1,False,0.2431
528,2026-03-04 17:27:39+00:00,184.43,0.2622,31.62,1,False,0.2337
529,2026-03-04 17:27:59+00:00,88.31,0.2818,31.88,1,False,0.2112
530,2026-03-04 17:28:19+00:00,18.92,0.2718,31.57,1,False,0.2927
531,2026-03-04 17:28:39+00:00,134.5,0.2709,31.94,1,False,0.2128
532,2026-03-04 17:28:59+00:00,71.43,0.2705,31.87,1,False,0.1151
533,2026-03-04 17:29:19+00:00,120.66,0.2792,31.35,1,False,0.0314
534,2026-03-04 17:29:39+00:00,360.96,0.9128,31.68,1,False,0.6163
535,2026-03-04 17:29:59+00:00,49.67,0.2748,31.89,1,False,0.2392
536,2026-03-04 17:30:19+00:00,124.39,0.265,31.87,1,False,0.1355
537,2026-03-04 17:30:39+00:00,0.0,0.2691,31.5,1,False,0.1748
538,2026-03-04 17:30:59+00:00,0.0,0.2635,31.67,1,False,0.262
539,2026-03-04 17:31:19+00:00,239.44,0.6308,31.7,1,False,0.405
540,2026-03-04 17:31:39+00:00,74.45,0.2858,31.55,1,False,0.1211
541,2026-03-04 17:31:59+00:00,187.78,0.2641,31.72,1,False,0.1544
542,2026-03-04 17:32:19+00:00,154.4,0.271,31.68,1,False,0.1181
543,2026-03-04 17:32:39+00:00,263.09,0.631,31.93,1,False,0.4004
544,2026-03-04 17:32:59+00:00,122.4,0.2659,31.78,1,False,0.1101
545,2026-03-04 17:33:19+00:00,15.97,0.2782,31.53,1,False,0.1224
546,2026-03-04 17:33:39+00:00,68.35,0.2738,31.9,1,False,0.027
547,2026-03-04 17:33:59+00:00,60.37,0.2742,32.08,1,False,0.0365
548,2026-03-04 17:34:19+00:00,0.0,0.2731,31.73,1,False,0.1503
549,2026-03-04 17:34:39+00:00,133.54,0.2751,31.77,1,False,0.0468
550,2026-03-04 17:34:59+00:00,60.97,0.2699,31.64,1,False,0.0329
551,2026-03-04 17:35:19+00:00,122.64,0.2699,31.59,1,False,0.0419
552,2026-03-04 17:35:39+00:00,66.92,0.2721,31.66,1,False,0.0456
553,2026-03-04 17:35:59+00:00,186.72,0.2771,31.43,1,False,0.1935
554,2026-03-04 17:36:19+00:00,0.0,0.2733,31.66,1,False,0.2517
555,2026-03-04 17:36:39+00:00,121.97,0.2783,31.32,1,False,0.1666
556,2026-03-04 17:36:59+00:00,67.94,0.2746,31.52,1,False,0.0872
557,2026-03-04 17:37:19+00:00,159.53,0.2697,31.83,1,False,0.0943
558,2026-03-04 17:37:39+00:00,0.0,0.2751,31.91,1,False,0.2249
559,2026-03-04 17:37:59+00:00,0.0,0.2768,31.51,1,False,0.2179
560,2026-03-04 17:38:19+00:00,273.94,0.2733,31.6,1,False,0.4509
561,2026-03-04 17:38:39+00:00,120.7,0.2798,31.31,1,False,0.1237
562,2026-03-04 17:38:59+00:00,154.26,0.2769,31.48,1,False,0.0737
563,2026-03-04 17:39:19+00:00,0.0,0.2601,31.54,1,False,0.193
564,2026-03-04 17:39:39+00:00,23.27,0.2696,31.61,1,False,0.1236
565,2026-03-04 17:39:59+00:00,177.31,0.2712,31.51,1,False,0.1182
566,2026-03-04 17:40:19+00:00,280.56,0.7852,31.65,1,False,0.4386
567,2026-03-04 17:40:39+00:00,224.95,0.2669,31.44,1,False,0.2112
568,2026-03-04 17:40:59+00:00,170.34,0.2719,31.3,1,False,0.0815
569,2026-03-04 17:41:19+00:00,87.26,0.264,31.53,1,False,0.0831
570,2026-03-04 17:41:39+00:00,216.29,0.2785,31.63,1,False,0.1154
571,2026-03-04 17:41:59+00:00,6.76,0.2869,31.42,1,False,0.2467
572,2026-03-04 17:42:19+00:00,122.19,0.2743,31.55,1,False,0.0523
573,2026-03-04 17:42:39+00:00,44.15,0.2727,31.69,1,False,0.0634
574,2026-03-04 17:42:59+00:00,60.72,0.2726,31.33,1,False,0.0556
575,2026-03-04 17:43:19+00:00,101.84,0.2744,31.39,1,False,0.0278
576,2026-03-04 17:43:39+00:00,108.56,0.2796,31.53,1,False,0.0213
577,2026-03-04 17:43:59+00:00,0.0,0.2652,31.05,1,False,0.2026
578,2026-03-04 17:44:19+00:00,53.35,0.275,31.52,1,False,0.0835
579,2026-03-04 17:44:39+00:00,555.82,1.4175,31.42,-1,True,0.8688
580,2026-03-04 17:44:59+00:00,180.42,0.2816,31.38,1,False,0.4042
581,2026-03-04 17:45:19+00:00,248.7,0.2685,31.75,1,False,0.4028
582,2026-03-04 17:45:39+00:00,281.51,0.2758,31.33,1,False,0.4903
583,2026-03-04 17:45:59+00:00,85.88,0.2753,31.58,1,False,0.2772
584,2026-03-04 17:46:19+00:00,138.4,0.2844,31.29,1,False,0.3234
585,2026-03-04 17:46:39+00:00,238.18,0.2618,31.65,1,False,0.4061
586,2026-03-04 17:46:59+00:00,105.77,0.268,31.34,1,False,0.3362
587,2026-03-04 17:47:19+00:00,313.74,0.2683,31.71,-1,True,0.6668
588,2026-03-04 17:47:39+00:00,9.83,0.2857,31.41,1,False,0.644
589,2026-03-04 17:47:59+00:00,108.29,0.2772,31.24,1,False,0.1959
590,2026-03-04 17:48:19+00:00,212.96,0.5202,31.47,1,False,0.2841
591,2026-03-04 17:48:39+00:00,181.34,0.2599,31.36,1,False,0.1399
592,2026-03-04 17:48:59+00:00,179.05,0.2636,31.55,1,False,0.1544
593,2026-03-04 17:49:19+00:00,383.97,0.2757,31.71,-1,True,0.6867
594,2026-03-04 17:49:39+00:00,523.94,1.2863,31.8,-1,True,0.7996
595,2026-03-04 17:49:59+00:00,120.43,0.2632,31.45,1,False,0.5395
596,2026-03-04 17:50:19+00:00,18.75,0.0494,31.52,1,False,0.5106
597,2026-03-04 17:50:39+00:00,11.18,0.2785,31.61,1,False,0.4001
598,2026-03-04 17:50:59+00:00,67.97,0.2754,31.32,1,False,0.3234
599,2026-03-04 17:51:19+00:00,120.71,0.272,31.62,1,False,0.3354
600,2026-03-04 17:51:39+00:00,14.87,0.0361,31.17,1,False,0.4491
601,2026-03-04 17:51:59+00:00,101.84,0.2782,31.72,1,False,0.2736
602,2026-03-04 17:52:19+00:00,155.25,0.2714,31.39,1,False,0.2832
603,2026-03-04 17:52:39+00:00,0.0,0.2671,31.3,1,False,0.3517
604,2026-03-04 17:52:59+00:00,159.3,0.2743,31.2,1,False,0.2722
605,2026-03-04 17:53:19+00:00,148.09,0.2725,31.26,1,False,0.1379
606,2026-03-04 17:53:39+00:00,173.11,0.2741,30.98,1,False,0.1075
607,2026-03-04 17:53:59+00:00,172.31,0.266,31.17,1,False,0.1569
608,2026-03-04 17:54:19+00:00,426.31,1.1112,31.26,-1,True,0.6635
609,2026-03-04 17:54:39+00:00,62.72,0.2767,31.36,1,False,0.2989
610,2026-03-04 17:54:59+00:00,248.08,0.2812,31.07,1,False,0.3139
611,2026-03-04 17:55:19+00:00,120.51,0.2695,31.23,1,False,0.22
612,2026-03-04 17:55:39+00:00,287.09,0.268,31.64,1,False,0.4387
613,2026-03-04 17:55:59+00:00,48.39,0.2647,31.47,1,False,0.3282
614,2026-03-04 17:56:19+00:00,131.91,0.2768,31.23,1,False,0.2223
615,2026-03-04 17:56:39+00:00,117.78,0.2688,31.19,1,False,0.2678
616,2026-03-04 17:56:59+00:00,0.0,0.2719,31.34,1,False,0.3171
617,2026-03-04 17:57:19+00:00,185.71,0.2636,31.43,1,False,0.262
618,2026-03-04 17:57:39+00:00,180.11,0.2692,31.69,1,False,0.1049
619,2026-03-04 17:57:59+00:00,34.73,0.2814,31.58,1,False,0.1107
620,2026-03-04 17:58:19+00:00,62.55,0.2682,31.17,1,False,0.0284
621,2026-03-04 17:58:39+00:00,21.69,0.2771,31.23,1,False,0.0907
622,2026-03-04 17:58:59+00:00,185.71,0.2733,31.72,1,False,0.1378
623,2026-03-04 17:59:19+00:00,54.76,0.282,31.36,1,False,0.117
624,2026-03-04 17:59:39+00:00,154.3,0.274,31.32,1,False,0.0627
625,2026-03-04 17:59:59+00:00,123.85,0.2698,30.91,1,False,0.0634
626,2026-03-04 18:00:19+00:00,204.29,0.2764,31.05,1,False,0.1162
627,2026-03-04 18:00:39+00:00,154.24,0.276,31.2,1,False,0.0374
628,2026-03-04 18:00:59+00:00,83.93,0.2721,31.03,1,False,0.035
629,2026-03-04 18:01:19+00:00,94.9,0.2718,31.31,1,False,0.0635
630,2026-03-04 18:01:39+00:00,78.87,0.2682,31.12,1,False,0.0652
631,2026-03-04 18:01:59+00:00,110.58,0.2718,31.22,1,False,0.1105
632,2026-03-04 18:02:19+00:00,301.17,0.2817,31.25,1,False,0.4099
633,2026-03-04 18:02:39+00:00,74.31,0.2589,31.17,1,False,0.1547
634,2026-03-04 18:02:59+00:00,21.0,0.265,31.09,1,False,0.1097
635,2026-03-04 18:03:19+00:00,215.07,0.2629,31.06,1,False,0.152
636,2026-03-04 18:03:39+00:00,137.8,0.281,31.3,1,False,0.028
637,2026-03-04 18:03:59+00:00,13.4,0.2834,31.46,1,False,0.1422
638,2026-03-04 18:04:19+00:00,310.15,0.2661,31.12,1,False,0.5281
639,2026-03-04 18:04:39+00:00,0.0,0.278,31.36,1,False,0.3446
640,2026-03-04 18:04:59+00:00,203.5,0.2802,31.36,1,False,0.1994
641,2026-03-04 18:05:19+00:00,100.77,0.2753,31.39,1,False,0.1382
642,2026-03-04 18:05:39+00:00,64.35,0.279,31.13,1,False,0.1362
643,2026-03-04 18:05:59+00:00,19.77,0.269,31.3,1,False,0.1938
644,2026-03-04 18:06:19+00:00,149.6,0.2752,31.3,1,False,0.142
645,2026-03-04 18:06:39+00:00,0.0,0.2805,31.55,1,False,0.2332
646,2026-03-04 18:06:59+00:00,141.37,0.2802,31.15,1,False,0.1875
647,2026-03-04 18:07:19+00:00,0.0,0.2569,31.39,1,False,0.2453
648,2026-03-04 18:07:39+00:00,53.06,0.287,31.48,1,False,0.1908
649,2026-03-04 18:07:59+00:00,0.0,0.2689,31.14,1,False,0.1836
650,2026-03-04 18:08:19+00:00,0.0,0.2614,30.98,1,False,0.2623
651,2026-03-04 18:08:39+00:00,33.85,0.2721,31.09,1,False,0.1676
652,2026-03-04 18:08:59+00:00,0.0,0.2843,31.29,1,False,0.2743
653,2026-03-04 18:09:19+00:00,180.62,0.2722,31.09,1,False,0.2461
654,2026-03-04 18:09:39+00:00,42.59,0.277,30.94,1,False,0.1854
655,2026-03-04 18:09:59+00:00,188.06,0.2671,31.05,1,False,0.1945
656,2026-03-04 18:10:19+00:00,20.29,0.0528,30.83,1,False,0.2645
657,2026-03-04 18:10:39+00:00,18.93,0.2734,31.32,1,False,0.1646
658,2026-03-04 18:10:59+00:00,0.0,0.2605,31.02,1,False,0.218
659,2026-03-04 18:11:19+00:00,71.31,0.2704,30.95,1,False,0.0953
660,2026-03-04 18:11:39+00:00,262.46,0.276,31.04,1,False,0.337
661,2026-03-04 18:11:59+00:00,17.22,0.2626,31.19,1,False,0.2324
662,2026-03-04 18:12:19+00:00,139.04,0.2719,31.32,1,False,0.1068
663,2026-03-04 18:12:39+00:00,196.05,0.2603,31.54,1,False,0.1745
664,2026-03-04 18:12:59+00:00,10.63,0.274,31.2,1,False,0.216
665,2026-03-04 18:13:19+00:00,115.06,0.2687,30.82,1,False,0.1042
666,2026-03-04 18:13:39+00:00,615.57,1.4026,30.87,-1,True,0.9755
667,2026-03-04 18:13:59+00:00,14.05,0.28,30.97,-1,True,0.6745
668,2026-03-04 18:14:19+00:00,219.81,0.2748,31.16,1,False,0.5191
669,2026-03-04 18:14:39+00:00,195.38,0.2638,31.01,1,False,0.4777
670,2026-03-04 18:14:59+00:00,191.34,0.2696,31.28,1,False,0.4685
671,2026-03-04 18:15:19+00:00,0.0,0.2636,30.96,1,False,0.455
672,2026-03-04 18:15:39+00:00,279.75,0.2756,30.38,1,False,0.6039
673,2026-03-04 18:15:59+00:00,66.9,0.2769,30.88,1,False,0.4909
674,2026-03-04 18:16:19+00:00,159.62,0.271,31.17,1,False,0.4453
675,2026-03-04 18:16:39+00:00,298.46,0.8776,31.32,-1,True,0.7799
676,2026-03-04 18:16:59+00:00,0.0,0.2695,30.95,1,False,0.4753
677,2026-03-04 18:17:19+00:00,166.48,0.2785,31.27,1,False,0.1763
678,2026-03-04 18:17:39+00:00,172.15,0.2709,31.01,1,False,0.1774
679,2026-03-04 18:17:59+00:00,87.43,0.2663,30.68,1,False,0.1366
680,2026-03-04 18:18:19+00:00,0.0,0.2821,31.01,1,False,0.2484
681,2026-03-04 18:18:39+00:00,276.12,0.2672,30.88,1,False,0.5131
682,2026-03-04 18:18:59+00:00,58.21,0.2782,30.96,1,False,0.1555
683,2026-03-04 18:19:19+00:00,25.67,0.2773,30.97,1,False,0.179
684,2026-03-04 18:19:39+00:00,206.21,0.2739,30.76,1,False,0.2209
685,2026-03-04 18:19:59+00:00,97.43,0.2738,31.31,1,False,0.135
686,2026-03-04 18:20:19+00:00,0.0,0.2734,30.96,1,False,0.1488
687,2026-03-04 18:20:39+00:00,89.29,0.2804,30.76,1,False,0.0672
688,2026-03-04 18:20:59+00:00,14.94,0.2799,31.02,1,False,0.1661
689,2026-03-04 18:21:19+00:00,105.15,0.2794,31.25,1,False,0.0887
690,2026-03-04 18:21:39+00:00,204.78,0.2819,30.86,1,False,0.1266
691,2026-03-04 18:21:59+00:00,29.18,0.271,31.14,1,False,0.1311
692,2026-03-04 18:22:19+00:00,0.0,0.2743,31.14,1,False,0.1684
693,2026-03-04 18:22:39+00:00,109.4,0.2632,30.91,1,False,0.0664
694,2026-03-04 18:22:59+00:00,320.92,0.8038,30.89,1,False,0.5464
695,2026-03-04 18:23:19+00:00,250.7,0.2742,31.17,1,False,0.2542
696,2026-03-04 18:23:39+00:00,231.26,0.2733,31.05,1,False,0.2066
697,2026-03-04 18:23:59+00:00,89.56,0.2697,31.09,1,False,0.105
698,2026-03-04 18:24:19+00:00,174.31,0.2723,30.71,1,False,0.0839
699,2026-03-04 18:24:39+00:00,0.0,0.2797,31.09,1,False,0.2163
700,2026-03-04 18:24:59+00:00,0.0,0.2704,31.36,1,False,0.1846
701,2026-03-04 18:25:19+00:00,377.53,0.8617,30.86,-1,True,0.7023
702,2026-03-04 18:25:39+00:00,76.94,0.2837,30.81,1,False,0.3059
703,2026-03-04 18:25:59+00:00,105.5,0.2884,30.56,1,False,0.2667
704,2026-03-04 18:26:19+00:00,210.88,0.2599,31.01,1,False,0.2554
705,2026-03-04 18:26:39+00:00,0.0,0.2706,30.69,1,False,0.2739
706,2026-03-04 18:26:59+00:00,0.0,0.2804,31.06,1,False,0.288
707,2026-03-04 18:27:19+00:00,0.0,0.2664,30.93,1,False,0.321
708,2026-03-04 18:27:39+00:00,82.21,0.2788,30.7,1,False,0.2222
709,2026-03-04 18:27:59+00:00,0.0,0.2768,30.95,1,False,0.2897
710,2026-03-04 18:28:19+00:00,0.0,0.2806,30.81,1,False,0.3229
711,2026-03-04 18:28:39+00:00,29.8,0.2719,30.76,1,False,0.2146
712,2026-03-04 18:28:59+00:00,157.67,0.2736,30.96,1,False,0.1381
713,2026-03-04 18:29:19+00:00,69.47,0.2776,30.87,1,False,0.1075
714,2026-03-04 18:29:39+00:00,12.48,0.2737,30.98,1,False,0.2304
715,2026-03-04 18:29:59+00:00,64.18,0.2762,31.01,1,False,0.1615
716,2026-03-04 18:30:19+00:00,258.2,0.2669,30.48,1,False,0.3809
717,2026-03-04 18:30:39+00:00,1.05,0.2693,31.0,1,False,0.3298
718,2026-03-04 18:30:59+00:00,146.89,0.2705,30.76,1,False,0.1452
719,2026-03-04 18:31:19+00:00,66.57,0.2765,30.96,1,False,0.1271
720,2026-03-04 18:31:39+00:00,134.5,0.2681,31.01,1,False,0.1256
721,2026-03-04 18:31:59+00:00,44.8,0.2702,30.69,1,False,0.0812
722,2026-03-04 18:32:19+00:00,136.04,0.2825,31.2,1,False,0.1312
723,2026-03-04 18:32:39+00:00,0.0,0.2765,30.57,1,False,0.1904
724,2026-03-04 18:32:59+00:00,589.51,1.751,30.98,-1,True,0.964
725,2026-03-04 18:33:19+00:00,0.0,0.2739,30.71,-1,True,0.6845
726,2026-03-04 18:33:39+00:00,0.0,0.2758,31.04,1,False,0.5585
727,2026-03-04 18:33:59+00:00,242.69,0.2853,30.61,1,False,0.4502
728,2026-03-04 18:34:19+00:00,66.03,0.267,30.82,1,False,0.3211
729,2026-03-04 18:34:39+00:00,286.43,0.2855,30.8,1,False,0.5235
730,2026-03-04 18:34:59+00:00,158.38,0.2648,30.85,1,False,0.3331
731,2026-03-04 18:35:19+00:00,119.74,0.2789,30.68,1,False,0.3443
732,2026-03-04 18:35:39+00:00,1.79,0.0045,30.61,1,False,0.5387
733,2026-03-04 18:35:59+00:00,162.94,0.2721,30.62,1,False,0.3405
734,2026-03-04 18:36:19+00:00,22.23,0.2829,30.59,1,False,0.1245
735,2026-03-04 18:36:39+00:00,24.94,0.2773,30.63,1,False,0.0906
736,2026-03-04 18:36:59+00:00,230.7,0.269,30.79,1,False,0.1936
737,2026-03-04 18:37:19+00:00,190.17,0.2689,30.54,1,False,0.0605
738,2026-03-04 18:37:39+00:00,221.7,0.2794,30.34,1,False,0.1399
739,2026-03-04 18:37:59+00:00,549.33,1.5094,30.35,-1,True,0.8129
740,2026-03-04 18:38:19+00:00,54.11,0.2889,30.68,1,False,0.5025
741,2026-03-04 18:38:39+00:00,0.0,0.2969,30.8,1,False,0.4084
742,2026-03-04 18:38:59+00:00,112.85,0.2918,30.45,1,False,0.2766
743,2026-03-04 18:39:19+00:00,0.0,0.2631,30.55,1,False,0.3586
744,2026-03-04 18:39:39+00:00,160.16,0.2718,30.53,1,False,0.255
745,2026-03-04 18:39:59+00:00,87.06,0.2746,30.93,1,False,0.2301
746,2026-03-04 18:40:19+00:00,76.68,0.2691,30.57,1,False,0.207
747,2026-03-04 18:40:39+00:00,93.85,0.288,30.88,1,False,0.2757
748,2026-03-04 18:40:59+00:00,123.24,0.2843,30.57,1,False,0.2432
749,2026-03-04 18:41:19+00:00,108.03,0.2697,30.63,1,False,0.1896
750,2026-03-04 18:41:39+00:00,45.95,0.2872,30.67,1,False,0.1576
751,2026-03-04 18:41:59+00:00,190.23,0.2785,30.32,1,False,0.2107
752,2026-03-04 18:42:19+00:00,132.63,0.2645,30.69,1,False,0.085
753,2026-03-04 18:42:39+00:00,223.6,0.2699,30.65,1,False,0.2379
754,2026-03-04 18:42:59+00:00,51.54,0.2783,30.71,1,False,0.1611
755,2026-03-04 18:43:19+00:00,0.0,0.2772,30.55,1,False,0.1822
756,2026-03-04 18:43:39+00:00,137.21,0.2747,30.46,1,False,0.0745
757,2026-03-04 18:43:59+00:00,112.68,0.2753,30.37,1,False,0.0337
758,2026-03-04 18:44:19+00:00,478.57,1.3469,30.63,-1,True,0.7428
759,2026-03-04 18:44:39+00:00,10.69,0.2677,30.76,1,False,0.4627
760,2026-03-04 18:44:59+00:00,160.48,0.2685,30.62,1,False,0.223
761,2026-03-04 18:45:19+00:00,45.15,0.2554,30.48,1,False,0.2174
762,2026-03-04 18:45:39+00:00,62.81,0.2645,30.32,1,False,0.2063
763,2026-03-04 18:45:59+00:00,40.32,0.2704,30.72,1,False,0.2296
764,2026-03-04 18:46:19+00:00,174.54,0.2684,30.46,1,False,0.2341
765,2026-03-04 18:46:39+00:00,190.31,0.2739,30.48,1,False,0.2172
766,2026-03-04 18:46:59+00:00,124.66,0.2611,30.52,1,False,0.2155
767,2026-03-04 18:47:19+00:00,137.91,0.2821,30.54,1,False,0.2165
768,2026-03-04 18:47:39+00:00,87.04,0.2601,30.76,1,False,0.1285
769,2026-03-04 18:47:59+00:00,9.66,0.2753,30.6,1,False,0.2014
770,2026-03-04 18:48:19+00:00,123.27,0.2782,30.73,1,False,0.1121
771,2026-03-04 18:48:39+00:00,90.55,0.2744,30.54,1,False,0.0644
772,2026-03-04 18:48:59+00:00,145.63,0.2887,30.77,1,False,0.1093
773,2026-03-04 18:49:19+00:00,97.63,0.2682,30.31,1,False,0.0811
774,2026-03-04 18:49:39+00:00,4.53,0.0112,30.58,1,False,0.3427
775,2026-03-04 18:49:59+00:00,33.18,0.2672,30.75,1,False,0.167
776,2026-03-04 18:50:19+00:00,100.18,0.2752,30.65,1,False,0.1321
777,2026-03-04 18:50:39+00:00,73.81,0.2747,30.48,1,False,0.1475
778,2026-03-04 18:50:59+00:00,172.75,0.2773,30.41,1,False,0.1864
779,2026-03-04 18:51:19+00:00,257.3,0.2644,30.73,1,False,0.3376
780,2026-03-04 18:51:39+00:00,115.03,0.2689,30.21,1,False,0.0766
781,2026-03-04 18:51:59+00:00,305.16,0.2589,30.41,1,False,0.45
782,2026-03-04 18:52:19+00:00,278.89,0.2621,31.13,1,False,0.3428
783,2026-03-04 18:52:39+00:00,193.16,0.2893,30.67,1,False,0.0978
784,2026-03-04 18:52:59+00:00,67.48,0.2783,30.56,1,False,0.1003
785,2026-03-04 18:53:19+00:00,54.78,0.2747,30.65,1,False,0.107
786,2026-03-04 18:53:39+00:00,233.56,0.278,30.56,1,False,0.2646
787,2026-03-04 18:53:59+00:00,139.68,0.263,30.5,1,False,0.1291
788,2026-03-04 18:54:19+00:00,0.0,0.2892,30.07,1,False,0.2223
789,2026-03-04 18:54:39+00:00,20.62,0.2694,30.61,1,False,0.1359
790,2026-03-04 18:54:59+00:00,151.72,0.2698,30.56,1,False,0.0909
791,2026-03-04 18:55:19+00:00,57.27,0.2645,29.8,1,False,0.0352
792,2026-03-04 18:55:39+00:00,162.44,0.2728,30.7,1,False,0.0335
793,2026-03-04 18:55:59+00:00,187.22,0.2759,30.44,1,False,0.0563
794,2026-03-04 18:56:19+00:00,118.69,0.2723,30.44,1,False,0.0407
795,2026-03-04 18:56:39+00:00,196.72,0.265,30.47,1,False,0.0586
796,2026-03-04 18:56:59+00:00,136.48,0.2697,30.51,1,False,0.0287
797,2026-03-04 18:57:19+00:00,196.66,0.2646,30.59,1,False,0.0873
798,2026-03-04 18:57:39+00:00,412.06,0.2695,30.46,-1,True,0.733
799,2026-03-04 18:57:59+00:00,61.24,0.2876,30.22,1,False,0.3019
800,2026-03-04 18:58:19+00:00,99.9,0.2857,30.86,1,False,0.1716
801,2026-03-04 18:58:39+00:00,304.13,0.8081,30.85,1,False,0.5443
802,2026-03-04 18:58:59+00:00,59.25,0.2746,30.42,1,False,0.2655
803,2026-03-04 18:59:19+00:00,251.02,0.2635,30.39,1,False,0.376
804,2026-03-04 18:59:39+00:00,80.51,0.281,30.43,1,False,0.2376
805,2026-03-04 18:59:59+00:00,300.32,0.275,30.57,1,False,0.5122
806,2026-03-04 19:00:19+00:00,0.0,0.2698,30.53,1,False,0.5106
807,2026-03-04 19:00:39+00:00,112.7,0.2732,30.66,1,False,0.3173
808,2026-03-04 19:00:59+00:00,57.78,0.2692,29.91,1,False,0.2731
809,2026-03-04 19:01:19+00:00,166.12,0.2768,30.22,1,False,0.1361
810,2026-03-04 19:01:39+00:00,300.89,0.2638,30.49,1,False,0.4334
811,2026-03-04 19:01:59+00:00,131.94,0.275,30.16,1,False,0.1636
812,2026-03-04 19:02:19+00:00,159.28,0.2659,29.92,1,False,0.1144
813,2026-03-04 19:02:39+00:00,0.0,0.2788,30.27,1,False,0.1801
814,2026-03-04 19:02:59+00:00,83.87,0.275,30.54,1,False,0.0712
815,2026-03-04 19:03:19+00:00,171.22,0.2669,30.69,1,False,0.1131
816,2026-03-04 19:03:39+00:00,22.49,0.0554,30.56,1,False,0.2335
817,2026-03-04 19:03:59+00:00,203.43,0.2652,30.23,1,False,0.1408
818,2026-03-04 19:04:19+00:00,243.31,0.2704,30.16,1,False,0.2104
819,2026-03-04 19:04:39+00:00,350.21,0.8439,30.48,1,False,0.5557
820,2026-03-04 19:04:59+00:00,42.86,0.2669,30.23,1,False,0.248
821,2026-03-04 19:05:19+00:00,90.23,0.2638,30.27,1,False,0.1199
822,2026-03-04 19:05:39+00:00,127.84,0.2768,30.46,1,False,0.127
823,2026-03-04 19:05:59+00:00,0.0,0.2751,30.49,1,False,0.1897
824,2026-03-04 19:06:19+00:00,38.34,0.2804,30.26,1,False,0.1423
825,2026-03-04 19:06:39+00:00,0.0,0.2779,30.28,1,False,0.1924
826,2026-03-04 19:06:59+00:00,116.49,0.2769,30.41,1,False,0.1104
827,2026-03-04 19:07:19+00:00,12.09,0.0338,30.45,1,False,0.2722
828,2026-03-04 19:07:39+00:00,143.13,0.2731,30.13,1,False,0.1546
829,2026-03-04 19:07:59+00:00,175.35,0.2732,30.19,1,False,0.2583
830,2026-03-04 19:08:19+00:00,103.69,0.2732,30.06,1,False,0.0749
831,2026-03-04 19:08:39+00:00,201.37,0.2703,30.03,1,False,0.1482
832,2026-03-04 19:08:59+00:00,179.19,0.2806,30.4,1,False,0.0843
833,2026-03-04 19:09:19+00:00,171.28,0.2733,30.4,1,False,0.0588
834,2026-03-04 19:09:39+00:00,68.31,0.2677,30.17,1,False,0.0661
835,2026-03-04 19:09:59+00:00,59.37,0.2763,30.3,1,False,0.1032
836,2026-03-04 19:10:19+00:00,3.76,0.2654,30.45,1,False,0.2056
837,2026-03-04 19:10:39+00:00,54.65,0.2729,30.59,1,False,0.0598
838,2026-03-04 19:10:59+00:00,12.72,0.2797,30.36,1,False,0.1363
839,2026-03-04 19:11:19+00:00,88.62,0.2745,30.56,1,False,0.0451
840,2026-03-04 19:11:39+00:00,47.13,0.2684,29.86,1,False,0.0571
841,2026-03-04 19:11:59+00:00,120.2,0.2763,30.31,1,False,0.1374
842,2026-03-04 19:12:19+00:00,127.83,0.2689,30.47,1,False,0.1679
843,2026-03-04 19:12:39+00:00,147.42,0.2664,30.37,1,False,0.2186
844,2026-03-04 19:12:59+00:00,209.06,0.2827,30.43,1,False,0.2091
845,2026-03-04 19:13:19+00:00,249.29,0.2732,30.28,1,False,0.2829
846,2026-03-04 19:13:39+00:00,112.74,0.2652,30.01,1,False,0.0723
847,2026-03-04 19:13:59+00:00,311.84,0.2784,30.21,1,False,0.4218
848,2026-03-04 19:14:19+00:00,268.28,0.277,30.36,1,False,0.2753
849,2026-03-04 19:14:39+00:00,22.32,0.279,30.27,1,False,0.2633
850,2026-03-04 19:14:59+00:00,339.09,0.8951,30.18,-1,True,0.7154
851,2026-03-04 19:15:19+00:00,248.32,0.7057,30.34,1,False,0.5268
852,2026-03-04 19:15:39+00:00,102.2,0.28,30.19,1,False,0.3291
853,2026-03-04 19:15:59+00:00,360.44,1.009,30.37,-1,True,0.7966
854,2026-03-04 19:16:19+00:00,216.27,0.2643,30.27,1,False,0.4862
855,2026-03-04 19:16:39+00:00,208.08,0.2804,30.38,1,False,0.4563
856,2026-03-04 19:16:59+00:00,120.76,0.2745,30.53,1,False,0.446
857,2026-03-04 19:17:19+00:00,0.0,0.2706,30.22,1,False,0.4603
858,2026-03-04 19:17:39+00:00,213.07,0.2789,30.34,1,False,0.4081
859,2026-03-04 19:17:59+00:00,188.8,0.2781,29.98,1,False,0.292
860,2026-03-04 19:18:19+00:00,19.7,0.2702,30.06,1,False,0.2354
861,2026-03-04 19:18:39+00:00,129.12,0.2599,29.91,1,False,0.146
862,2026-03-04 19:18:59+00:00,107.7,0.2735,30.38,1,False,0.1221
863,2026-03-04 19:19:19+00:00,155.28,0.2843,29.98,1,False,0.0296
864,2026-03-04 19:19:39+00:00,154.43,0.2757,30.48,1,False,0.079
865,2026-03-04 19:19:59+00:00,227.12,0.2715,30.43,1,False,0.1592
866,2026-03-04 19:20:19+00:00,162.2,0.276,29.65,1,False,0.0082
867,2026-03-04 19:20:39+00:00,156.39,0.2678,29.87,1,False,0.0944
868,2026-03-04 19:20:59+00:00,122.3,0.271,30.25,1,False,0.1041
869,2026-03-04 19:21:19+00:00,239.63,0.2786,29.79,1,False,0.2201
870,2026-03-04 19:21:39+00:00,184.5,0.2811,29.98,1,False,0.193
871,2026-03-04 19:21:59+00:00,98.84,0.2738,30.29,1,False,0.2433
872,2026-03-04 19:22:19+00:00,162.57,0.2803,30.41,1,False,0.1997
873,2026-03-04 19:22:39+00:00,33.54,0.269,29.94,1,False,0.2514
874,2026-03-04 19:22:59+00:00,50.41,0.2804,30.09,1,False,0.113
875,2026-03-04 19:23:19+00:00,0.0,0.2713,30.0,1,False,0.1735
876,2026-03-04 19:23:39+00:00,41.7,0.2908,30.02,1,False,0.0753
877,2026-03-04 19:23:59+00:00,186.61,0.2793,30.17,1,False,0.0584
878,2026-03-04 19:24:19+00:00,14.48,0.2845,30.19,1,False,0.1472
879,2026-03-04 19:24:39+00:00,50.85,0.2753,29.69,1,False,0.078
880,2026-03-04 19:24:59+00:00,582.95,1.6939,29.78,-1,True,0.9207
881,2026-03-04 19:25:19+00:00,390.47,0.9956,30.05,-1,True,0.7501
882,2026-03-04 19:25:39+00:00,41.73,0.2687,30.03,1,False,0.4759
883,2026-03-04 19:25:59+00:00,169.0,0.2763,29.92,1,False,0.3416
884,2026-03-04 19:26:19+00:00,10.34,0.2673,30.09,1,False,0.4424
885,2026-03-04 19:26:39+00:00,144.27,0.2698,30.03,1,False,0.3331
886,2026-03-04 19:26:59+00:00,0.0,0.2676,30.22,1,False,0.4305
887,2026-03-04 19:27:19+00:00,103.87,0.2558,29.98,1,False,0.3423
888,2026-03-04 19:27:39+00:00,63.08,0.2717,30.01,1,False,0.3372
889,2026-03-04 19:27:59+00:00,284.55,0.2763,30.02,1,False,0.545
890,2026-03-04 19:28:19+00:00,261.27,0.2876,30.15,1,False,0.3564
891,2026-03-04 19:28:39+00:00,91.45,0.227,29.99,1,False,0.0884
892,2026-03-04 19:29:09+00:00,86.55,0.214,29.97,1,False,0.0452
893,2026-03-04 19:29:24+00:00,49.57,0.12,29.97,1,False,0.1032
894,2026-03-04 19:29:54+00:00,74.06,0.182,29.97,1,False,0.045
895,2026-03-04 19:30:09+00:00,83.05,0.205,29.96,1,False,0.0371
896,2026-03-04 19:30:39+00:00,52.42,0.127,29.96,1,False,0.0669
897,2026-03-04 19:30:54+00:00,77.63,0.191,29.96,1,False,0.0393
898,2026-03-04 19:31:09+00:00,72.89,0.179,29.94,1,False,0.0514
899,2026-03-04 19:31:40+00:00,103.14,0.258,29.94,1,False,0.0622
900,2026-03-04 19:32:10+00:00,44.2,0.106,29.93,1,False,0.2661
901,2026-03-04 19:32:40+00:00,53.44,0.129,29.93,1,False,0.1898
902,2026-03-04 19:33:10+00:00,93.29,0.232,29.91,1,False,0.3041
903,2026-03-04 19:33:40+00:00,119.83,0.303,29.91,1,False,0.4072
904,2026-03-04 19:33:55+00:00,58.91,0.143,29.91,1,False,0.1969
905,2026-03-04 19:34:10+00:00,82.53,0.204,29.9,1,False,0.1722
906,2026-03-04 19:34:40+00:00,18.5,0.044,29.9,1,False,0.2829
907,2026-03-04 19:34:55+00:00,66.64,0.163,29.9,1,False,0.1738
908,2026-03-04 19:35:25+00:00,63.26,0.154,29.88,1,False,0.1712
909,2026-03-04 19:35:40+00:00,63.92,0.156,29.88,1,False,0.1864
910,2026-03-04 19:36:11+00:00,77.11,0.19,29.87,1,False,0.1689
911,2026-03-04 19:36:40+00:00,85.21,0.211,29.87,1,False,0.1628
912,2026-03-04 19:37:11+00:00,138.43,0.353,29.85,1,False,0.3453
913,2026-03-04 19:37:37+00:00,76.46,0.188,29.85,1,False,0.1772
914,2026-03-04 19:38:06+00:00,52.64,0.127,29.84,1,False,0.1614
915,2026-03-04 19:38:21+00:00,78.18,0.192,29.84,1,False,0.1599
916,2026-03-04 19:38:51+00:00,102.25,0.255,29.84,1,False,0.2227
917,2026-03-04 20:01:13+00:00,306.13,0.831,29.48,1,False,0.5367
918,2026-03-04 20:01:30+00:00,207.11,0.547,29.48,1,False,0.2264
919,2026-03-04 20:01:45+00:00,222.85,0.592,29.48,1,False,0.2653
920,2026-03-04 20:02:00+00:00,197.92,0.521,29.47,1,False,0.2006
921,2026-03-04 20:02:30+00:00,275.41,0.743,29.47,1,False,0.3897
922,2026-03-04 20:02:45+00:00,203.62,0.537,29.47,1,False,0.2385
923,2026-03-04 20:06:56+00:00,219.68,0.583,29.41,1,False,0.2779
924,2026-03-04 20:07:22+00:00,256.05,0.688,29.39,1,False,0.4177
925,2026-03-04 20:07:37+00:00,257.8,0.693,29.39,1,False,0.5222
926,2026-03-04 20:07:53+00:00,16.93,0.04,29.39,1,False,0.5519
927,2026-03-04 20:08:23+00:00,21.8,0.052,29.38,1,False,0.3307
928,2026-03-04 20:08:53+00:00,24.9,0.059,29.38,1,False,0.2764
929,2026-03-04 20:09:08+00:00,104.93,0.263,29.36,1,False,0.0995
930,2026-03-04 20:09:23+00:00,43.14,0.104,29.36,1,False,0.1609
931,2026-03-04 20:10:02+00:00,17.49,0.041,29.35,1,False,0.1867
932,2026-03-04 20:10:17+00:00,30.55,0.073,29.35,1,False,0.1357
933,2026-03-04 20:10:32+00:00,259.6,0.698,29.35,1,False,0.4149
934,2026-03-04 20:10:47+00:00,281.98,0.762,29.35,1,False,0.4334
935,2026-03-04 20:11:02+00:00,324.53,0.882,29.33,1,False,0.5244
936,2026-03-04 20:11:18+00:00,259.83,0.699,29.33,1,False,0.3847
937,2026-03-04 20:11:47+00:00,298.04,0.808,29.33,1,False,0.4788
938,2026-03-04 20:12:19+00:00,227.96,0.607,29.32,1,False,0.3359
939,2026-03-04 20:12:48+00:00,236.86,0.633,29.32,1,False,0.3805
940,2026-03-04 20:13:18+00:00,368.36,1.002,29.3,-1,True,0.6732
941,2026-03-04 20:13:33+00:00,481.25,1.285,29.3,-1,True,0.7565
942,2026-03-04 20:14:03+00:00,455.95,1.225,29.29,-1,True,0.7272
943,2026-03-04 20:14:33+00:00,410.2,1.112,29.29,-1,True,0.7168
944,2026-03-04 20:15:03+00:00,390.56,1.061,29.27,-1,True,0.6923
945,2026-03-04 20:15:18+00:00,409.41,1.11,29.27,-1,True,0.7001
946,2026-03-04 20:15:48+00:00,423.78,1.146,29.27,-1,True,0.7142
947,2026-03-04 20:16:18+00:00,436.8,1.179,29.26,-1,True,0.707
948,2026-03-04 20:16:38+00:00,502.84,1.335,29.26,-1,True,0.8082
949,2026-03-04 20:16:58+00:00,0.0,0.0,29.26,-1,True,0.9492
950,2026-03-04 20:17:19+00:00,64.48,0.157,29.24,1,False,0.6208
951,2026-03-04 20:17:38+00:00,0.0,0.0,29.24,-1,True,0.7736
952,2026-03-04 20:17:58+00:00,10.46,0.025,29.24,-1,True,0.6769
953,2026-03-04 20:18:21+00:00,38.92,0.093,29.23,1,False,0.5519
954,2026-03-04 20:18:39+00:00,0.0,0.0,29.23,1,False,0.6155
955,2026-03-04 20:18:59+00:00,27.2,0.065,29.23,1,False,0.4638
956,2026-03-04 20:19:19+00:00,5.88,0.014,29.21,1,False,0.5492
957,2026-03-04 20:19:39+00:00,0.0,0.0,29.21,1,False,0.5176
958,2026-03-04 20:19:59+00:00,87.48,0.216,29.21,1,False,0.432
959,2026-03-04 20:20:19+00:00,27.59,0.066,29.19,1,False,0.2007
960,2026-03-04 20:20:39+00:00,109.0,0.273,29.19,1,False,0.4002
961,2026-03-04 20:20:59+00:00,28.03,0.067,29.19,1,False,0.2177
962,2026-03-04 20:21:19+00:00,106.79,0.267,29.18,1,False,0.3314
963,2026-03-04 20:21:35+00:00,2.56,0.006,29.18,1,False,0.3678
964,2026-03-04 20:21:55+00:00,30.46,0.073,29.18,1,False,0.1413
965,2026-03-04 20:22:15+00:00,16.73,0.039,29.16,1,False,0.198
966,2026-03-04 20:22:35+00:00,28.83,0.069,29.16,1,False,0.1304
967,2026-03-04 20:22:55+00:00,25.59,0.061,29.16,1,False,0.1668
968,2026-03-04 20:23:15+00:00,19.93,0.047,29.15,1,False,0.1725
969,2026-03-04 20:23:35+00:00,24.56,0.058,29.15,1,False,0.1778
970,2026-03-05 04:05:11+00:00,0.0,0.0,26.51,1,False,0.4511
971,2026-03-05 04:05:29+00:00,0.0,0.0,26.51,1,False,0.4734
972,2026-03-05 04:05:49+00:00,0.0,0.0,26.51,1,False,0.5143
973,2026-03-05 04:06:10+00:00,0.0,0.0,26.52,1,False,0.5155
974,2026-03-05 04:06:31+00:00,0.0,0.0,26.52,1,False,0.5148
975,2026-03-05 04:06:50+00:00,0.0,0.0,26.52,1,False,0.4954
976,2026-03-05 04:07:10+00:00,0.0,0.0,26.52,1,False,0.5098
977,2026-03-05 04:07:30+00:00,0.0,0.0,26.52,1,False,0.5129
978,2026-03-05 04:07:50+00:00,556.07,1.45,26.52,-1,True,0.9369
979,2026-03-05 04:08:10+00:00,545.67,1.428,26.53,-1,True,0.9063
980,2026-03-05 04:08:30+00:00,550.12,1.438,26.53,-1,True,0.9522
981,2026-03-05 04:08:50+00:00,530.86,1.396,26.53,-1,True,0.9366
982,2026-03-05 04:09:10+00:00,534.15,1.404,26.54,-1,True,0.9647
983,2026-03-05 04:09:30+00:00,538.05,1.412,26.54,-1,True,0.9796
984,2026-03-05 04:09:50+00:00,519.33,1.371,26.54,-1,True,0.9673
985,2026-03-05 04:10:10+00:00,525.79,1.385,26.55,-1,True,0.9385
986,2026-03-05 04:10:33+00:00,545.99,1.429,26.55,-1,True,0.9296
987,2026-03-05 04:10:50+00:00,526.32,1.387,26.55,-1,True,0.8519
988,2026-03-05 04:11:10+00:00,554.5,1.447,26.56,-1,True,0.9068
989,2026-03-05 04:11:31+00:00,513.29,1.358,26.56,-1,True,0.8594
990,2026-03-05 04:11:50+00:00,528.6,1.392,26.56,-1,True,0.8273
991,2026-03-05 04:12:10+00:00,515.16,1.362,26.56,-1,True,0.8076
992,2026-03-05 04:12:31+00:00,516.8,1.366,26.56,-1,True,0.8085
993,2026-03-05 04:12:51+00:00,499.87,1.328,26.56,-1,True,0.8018
994,2026-03-05 04:13:11+00:00,514.13,1.36,26.57,-1,True,0.7816
995,2026-03-05 04:13:31+00:00,485.69,1.295,26.57,-1,True,0.8087
996,2026-03-05 04:13:51+00:00,510.24,1.351,26.57,-1,True,0.7845
997,2026-03-05 04:14:11+00:00,494.08,1.315,26.58,-1,True,0.7757
998,2026-03-05 04:14:31+00:00,495.52,1.318,26.58,-1,True,0.7862
999,2026-03-05 04:14:51+00:00,495.85,1.319,26.58,-1,True,0.7701
1000,2026-03-05 04:15:11+00:00,511.66,1.354,26.59,-1,True,0.7786
1001,2026-03-05 04:15:31+00:00,503.26,1.336,26.59,-1,True,0.7591
1002,2026-03-05 04:15:52+00:00,502.01,1.333,26.59,-1,True,0.776
1003,2026-03-05 04:16:11+00:00,512.98,1.357,26.6,-1,True,0.7936
1004,2026-03-05 04:16:33+00:00,521.16,1.375,26.6,-1,True,0.8185
1005,2026-03-05 04:16:52+00:00,509.43,1.349,26.6,-1,True,0.7815
1006,2026-03-05 04:17:11+00:00,483.94,1.291,26.61,-1,True,0.7859
1007,2026-03-05 04:17:32+00:00,503.02,1.335,26.61,-1,True,0.7528
1008,2026-03-05 04:17:52+00:00,0.0,0.0,26.61,-1,True,1.0
1009,2026-03-09 17:51:41+00:00,30.6,0.073,31.37,-1,True,0.7436
1010,2026-03-09 17:52:10+00:00,31.13,0.074,31.35,-1,True,0.7246
1011,2026-03-09 17:52:30+00:00,30.74,0.073,31.35,-1,True,0.7047
1012,2026-03-09 17:52:50+00:00,31.04,0.074,31.35,-1,True,0.6885
1013,2026-03-09 17:53:10+00:00,30.96,0.074,31.34,1,False,0.5905
1014,2026-03-09 17:53:33+00:00,31.49,0.075,31.34,1,False,0.4796
1015,2026-03-09 17:53:50+00:00,31.6,0.075,31.34,1,False,0.471
1016,2026-03-09 17:54:11+00:00,31.87,0.076,31.33,1,False,0.3793
1017,2026-03-09 18:20:41+00:00,33.52,0.08,30.98,1,False,0.2864
1018,2026-03-09 18:21:12+00:00,33.83,0.081,30.97,1,False,0.2217
1019,2026-03-09 18:21:32+00:00,34.13,0.082,30.97,1,False,0.183
1020,2026-03-09 18:22:02+00:00,34.26,0.082,30.95,1,False,0.1651
1021,2026-03-09 18:22:33+00:00,33.8,0.081,30.95,1,False,0.1248
1022,2026-03-09 18:22:52+00:00,33.96,0.081,30.95,1,False,0.1012
1023,2026-03-09 18:23:12+00:00,33.88,0.081,30.94,1,False,0.0992
1024,2026-03-09 18:23:33+00:00,34.1,0.081,30.94,1,False,0.1015
1025,2026-03-09 18:23:53+00:00,34.1,0.081,30.94,1,False,0.0865
1026,2026-03-09 18:24:13+00:00,33.94,0.081,30.92,1,False,0.07
1027,2026-03-09 18:24:33+00:00,34.13,0.082,30.92,1,False,0.0801
1028,2026-03-09 18:24:54+00:00,33.88,0.081,30.92,1,False,0.1139
1029,2026-03-09 18:25:13+00:00,33.74,0.081,30.91,1,False,0.1581
1030,2026-03-09 18:25:33+00:00,34.35,0.082,30.91,1,False,0.1573
1031,2026-03-09 18:25:53+00:00,34.21,0.082,30.91,1,False,0.0703
1032,2026-03-09 18:26:13+00:00,33.74,0.081,30.9,1,False,0.1472
1033,2026-03-09 18:26:33+00:00,33.74,0.081,30.9,1,False,0.1345
1034,2026-03-09 18:26:53+00:00,34.76,0.083,30.9,1,False,0.1713
1035,2026-03-09 18:27:14+00:00,34.24,0.082,30.88,1,False,0.0529
1036,2026-03-09 18:27:33+00:00,34.26,0.082,30.88,1,False,0.0409
1037,2026-03-09 18:27:54+00:00,34.16,0.082,30.88,1,False,0.0596
1038,2026-03-09 18:28:14+00:00,33.83,0.081,30.87,1,False,0.1003
1039,2026-03-09 18:28:33+00:00,34.46,0.082,30.87,1,False,0.0691
1040,2026-03-09 18:28:54+00:00,34.26,0.082,30.87,1,False,0.0334
1041,2026-03-09 18:29:13+00:00,34.16,0.082,30.85,1,False,0.061
1042,2026-03-09 18:29:33+00:00,34.29,0.082,30.85,1,False,0.0393
1043,2026-03-09 18:29:54+00:00,34.35,0.082,30.85,1,False,0.0323
1044,2026-03-09 18:30:13+00:00,34.32,0.082,30.84,1,False,0.0382
1045,2026-03-09 18:30:34+00:00,34.29,0.082,30.84,1,False,0.0362
1046,2026-03-09 18:30:54+00:00,0.0,0.0,30.84,1,False,0.6376
1047,2026-03-09 18:31:14+00:00,0.0,0.0,30.83,1,False,0.5432
1048,2026-03-09 18:31:34+00:00,33.0,0.079,30.83,1,False,0.1903
1049,2026-03-09 18:31:54+00:00,33.14,0.079,30.83,1,False,0.1318
1050,2026-03-09 18:32:14+00:00,33.5,0.08,30.81,1,False,0.1315
1051,2026-03-09 18:32:34+00:00,33.58,0.08,30.81,1,False,0.1315
1052,2026-03-09 18:32:54+00:00,33.8,0.081,30.81,1,False,0.1304
1053,2026-03-09 18:33:14+00:00,33.28,0.079,30.8,1,False,0.139
1054,2026-03-09 18:33:34+00:00,33.74,0.081,30.8,1,False,0.1307
1055,2026-03-09 18:33:54+00:00,33.69,0.08,30.8,1,False,0.1287
1056,2026-03-09 18:34:15+00:00,33.58,0.08,30.78,1,False,0.1283
1057,2026-03-09 18:34:34+00:00,34.26,0.082,30.78,1,False,0.1809
1058,2026-03-09 18:34:55+00:00,0.0,0.0,30.78,1,False,0.6376
1059,2026-03-09 18:35:15+00:00,33.83,0.081,30.77,1,False,0.1829
1060,2026-03-09 18:35:35+00:00,33.06,0.079,30.77,1,False,0.1395
1061,2026-03-09 18:35:55+00:00,33.91,0.081,30.77,1,False,0.1213
1062,2026-03-09 18:36:15+00:00,33.8,0.081,30.75,1,False,0.1237
1063,2026-03-09 18:43:15+00:00,33.91,0.081,30.65,1,False,0.1155
1064,2026-03-09 18:44:05+00:00,34.18,0.082,30.64,1,False,0.1106
1065,2026-03-09 18:44:22+00:00,34.54,0.083,30.64,1,False,0.1127
1066,2026-03-09 18:44:42+00:00,34.48,0.082,30.64,1,False,0.1067
1067,2026-03-09 18:47:43+00:00,34.37,0.082,30.6,1,False,0.1011
1068,2026-03-09 18:48:02+00:00,34.32,0.082,30.58,1,False,0.0539
1069,2026-03-09 18:48:22+00:00,34.35,0.082,30.58,1,False,0.0525
1070,2026-03-09 18:48:43+00:00,34.35,0.082,30.58,1,False,0.0382
1071,2026-03-09 18:49:03+00:00,34.37,0.082,30.57,1,False,0.0331
1072,2026-03-09 18:49:23+00:00,34.43,0.082,30.57,1,False,0.0278
1073,2026-03-09 18:49:43+00:00,34.59,0.083,30.57,1,False,0.1337
1074,2026-03-09 18:50:03+00:00,34.32,0.082,30.55,1,False,0.0846
1075,2026-03-09 18:50:23+00:00,34.65,0.083,30.55,1,False,0.1642
1076,2026-03-09 18:50:43+00:00,34.79,0.083,30.55,1,False,0.1381
1077,2026-03-09 18:51:03+00:00,34.84,0.083,30.54,1,False,0.1296
1078,2026-03-09 18:51:24+00:00,34.62,0.083,30.54,1,False,0.0382
1079,2026-03-09 18:51:44+00:00,34.59,0.083,30.54,1,False,0.0502
1080,2026-03-09 18:52:04+00:00,34.32,0.082,30.52,1,False,0.0942
1081,2026-03-09 18:52:23+00:00,34.46,0.082,30.52,1,False,0.0475
1082,2026-03-09 18:52:43+00:00,34.79,0.083,30.52,1,False,0.0497
1083,2026-03-09 18:53:03+00:00,34.37,0.082,30.51,1,False,0.0802
1084,2026-03-09 18:53:23+00:00,34.84,0.083,30.51,1,False,0.0597
1085,2026-03-09 18:53:44+00:00,34.65,0.083,30.51,1,False,0.0379
1086,2026-03-09 18:54:03+00:00,34.7,0.083,30.49,1,False,0.0237
1087,2026-03-09 18:54:23+00:00,34.37,0.082,30.49,1,False,0.083
1088,2026-03-09 18:54:43+00:00,34.51,0.082,30.49,1,False,0.0403
1089,2026-03-09 18:55:03+00:00,34.32,0.082,30.48,1,False,0.0805
1090,2026-03-09 18:55:24+00:00,34.57,0.083,30.48,1,False,0.0411
1091,2026-03-09 18:55:44+00:00,34.48,0.082,30.48,1,False,0.0467
1092,2026-03-09 18:56:04+00:00,35.14,0.084,30.46,1,False,0.1495
1093,2026-03-09 18:56:24+00:00,34.98,0.084,30.46,1,False,0.0888
1094,2026-03-09 18:56:44+00:00,34.16,0.082,30.46,1,False,0.1584
1095,2026-03-09 18:57:04+00:00,35.03,0.084,30.45,1,False,0.1005
1096,2026-03-09 18:57:24+00:00,34.81,0.083,30.45,1,False,0.02
1097,2026-03-09 18:57:44+00:00,35.25,0.084,30.45,1,False,0.1013
1098,2026-03-09 18:58:04+00:00,35.31,0.084,30.44,1,False,0.0887
1099,2026-03-09 18:58:24+00:00,35.03,0.084,30.44,1,False,0.0309
1100,2026-03-09 18:58:45+00:00,35.34,0.084,30.44,1,False,0.0546
1101,2026-03-09 18:59:04+00:00,35.2,0.084,30.42,1,False,0.0184
1102,2026-03-09 18:59:24+00:00,35.42,0.085,30.42,1,False,0.0559
1103,2026-03-09 18:59:45+00:00,35.2,0.084,30.42,1,False,0.0154
1104,2026-03-09 19:00:04+00:00,34.9,0.083,30.41,1,False,0.0937
1105,2026-03-09 19:00:24+00:00,35.36,0.085,30.41,1,False,0.0543
1106,2026-03-09 19:00:45+00:00,35.45,0.085,30.41,1,False,0.0892
1107,2026-03-09 19:01:05+00:00,35.99,0.086,30.39,1,False,0.1649
1108,2026-03-09 19:01:25+00:00,35.72,0.085,30.39,1,False,0.0706
1109,2026-03-09 19:01:45+00:00,35.31,0.084,30.39,1,False,0.0303
1110,2026-03-09 19:02:05+00:00,35.03,0.084,30.38,1,False,0.0731
1111,2026-03-09 19:02:25+00:00,35.17,0.084,30.38,1,False,0.0313
1112,2026-03-09 19:02:45+00:00,35.99,0.086,30.38,1,False,0.1168
1113,2026-03-09 19:03:05+00:00,35.03,0.084,30.36,1,False,0.0849
1114,2026-03-09 19:03:25+00:00,35.45,0.085,30.36,1,False,0.0371
1115,2026-03-09 19:03:45+00:00,35.12,0.084,30.36,1,False,0.0488
1116,2026-03-09 19:04:05+00:00,35.83,0.086,30.35,1,False,0.0715
1117,2026-03-09 19:04:26+00:00,35.2,0.084,30.35,1,False,0.0414
1118,2026-03-09 19:04:46+00:00,35.53,0.085,30.35,1,False,0.021
1119,2026-03-09 19:05:05+00:00,35.14,0.084,30.33,1,False,0.0343
1120,2026-03-09 19:05:26+00:00,35.64,0.085,30.33,1,False,0.037
1121,2026-03-09 19:05:46+00:00,35.58,0.085,30.33,1,False,0.0185
1122,2026-03-09 19:06:06+00:00,34.35,0.082,30.32,1,False,0.2544
1123,2026-03-09 19:06:26+00:00,35.55,0.085,30.32,1,False,0.0561
1124,2026-03-09 19:06:46+00:00,35.88,0.086,30.32,1,False,0.0757
1125,2026-03-09 19:07:06+00:00,35.53,0.085,30.3,1,False,0.033
1126,2026-03-09 19:07:26+00:00,35.2,0.084,30.3,1,False,0.0326
1127,2026-03-09 19:07:46+00:00,35.53,0.085,30.3,1,False,0.0278
1128,2026-03-09 19:08:06+00:00,35.64,0.085,30.29,1,False,0.0256
1129,2026-03-09 19:08:26+00:00,35.42,0.085,30.29,1,False,0.0397
1130,2026-03-09 19:08:46+00:00,35.28,0.084,30.29,1,False,0.0295
1131,2026-03-09 19:09:06+00:00,35.69,0.085,30.27,1,False,0.0386
1132,2026-03-09 19:09:27+00:00,35.61,0.085,30.27,1,False,0.0208
1133,2026-03-09 19:09:46+00:00,35.36,0.085,30.27,1,False,0.0447
1134,2026-03-09 19:10:06+00:00,35.55,0.085,30.26,1,False,0.0161
1135,2026-03-09 19:10:27+00:00,35.61,0.085,30.26,1,False,0.0394
1136,2026-03-09 19:10:46+00:00,35.69,0.085,30.26,1,False,0.0671
1137,2026-03-09 19:11:07+00:00,36.02,0.086,30.24,1,False,0.1418
1138,2026-03-09 19:11:27+00:00,35.69,0.085,30.24,1,False,0.0197
1139,2026-03-09 19:11:47+00:00,35.75,0.085,30.24,1,False,0.0405
1140,2026-03-09 19:12:07+00:00,34.95,0.084,30.23,1,False,0.239
1141,2026-03-09 19:12:27+00:00,35.39,0.085,30.23,1,False,0.0459
1142,2026-03-09 19:12:47+00:00,35.53,0.085,30.23,1,False,0.0246
1143,2026-03-09 19:13:07+00:00,35.83,0.086,30.21,1,False,0.0459
1144,2026-03-09 19:13:27+00:00,35.66,0.085,30.21,1,False,0.0212
1145,2026-03-09 19:13:47+00:00,35.61,0.085,30.21,1,False,0.026
1146,2026-03-09 19:14:07+00:00,35.72,0.085,30.2,1,False,0.0273
1147,2026-03-09 19:14:27+00:00,35.99,0.086,30.2,1,False,0.093
1148,2026-03-09 19:14:47+00:00,35.75,0.085,30.2,1,False,0.0274
1149,2026-03-09 19:15:07+00:00,36.05,0.086,30.18,1,False,0.0783
1150,2026-03-09 19:15:27+00:00,35.94,0.086,30.18,1,False,0.049
1151,2026-03-09 19:15:47+00:00,35.97,0.086,30.18,1,False,0.0534
1152,2026-03-09 19:16:08+00:00,35.88,0.086,30.17,1,False,0.049
1153,2026-03-09 19:16:28+00:00,35.99,0.086,30.17,1,False,0.0394
1154,2026-03-09 19:16:48+00:00,35.66,0.085,30.17,1,False,0.0959
1155,2026-03-09 19:17:08+00:00,35.94,0.086,30.15,1,False,0.0286
1156,2026-03-09 19:17:28+00:00,35.88,0.086,30.15,1,False,0.0474
1157,2026-03-09 19:17:48+00:00,35.91,0.086,30.15,1,False,0.0526
1158,2026-03-09 19:18:08+00:00,35.66,0.085,30.14,1,False,0.1532
1159,2026-03-09 19:18:28+00:00,35.91,0.086,30.14,1,False,0.0389
1160,2026-03-09 19:18:48+00:00,35.91,0.086,30.14,1,False,0.045
1161,2026-03-09 19:19:08+00:00,36.27,0.087,30.12,1,False,0.1619
1162,2026-03-09 19:19:28+00:00,35.69,0.085,30.12,1,False,0.083
1163,2026-03-09 19:19:48+00:00,36.08,0.086,30.12,1,False,0.0585
1164,2026-03-09 19:20:08+00:00,36.16,0.086,30.11,1,False,0.0908
1165,2026-03-09 19:20:28+00:00,35.88,0.086,30.11,1,False,0.0393
1166,2026-03-09 19:20:48+00:00,36.16,0.086,30.11,1,False,0.0714
1167,2026-03-09 19:21:08+00:00,36.1,0.086,30.09,1,False,0.0391
1168,2026-03-09 19:21:29+00:00,36.24,0.087,30.09,1,False,0.0887
1169,2026-03-09 19:21:49+00:00,36.43,0.087,30.09,1,False,0.1262
1170,2026-03-09 19:22:09+00:00,36.32,0.087,30.08,1,False,0.0639
1171,2026-03-09 19:22:29+00:00,37.01,0.089,30.08,1,False,0.2216
1172,2026-03-09 19:22:49+00:00,36.02,0.086,30.08,1,False,0.0583
1173,2026-03-09 19:23:09+00:00,35.97,0.086,30.06,1,False,0.0533
1174,2026-03-09 19:23:29+00:00,36.02,0.086,30.06,1,False,0.0429
1175,2026-03-09 19:23:49+00:00,36.08,0.086,30.06,1,False,0.0501
1176,2026-03-09 19:24:09+00:00,35.97,0.086,30.05,1,False,0.0453
1177,2026-03-09 19:24:30+00:00,35.72,0.085,30.05,1,False,0.1124
1178,2026-03-09 19:24:49+00:00,36.4,0.087,30.05,1,False,0.0528
1179,2026-03-09 19:25:10+00:00,36.16,0.086,30.03,1,False,0.0495
1180,2026-03-09 19:25:30+00:00,36.46,0.087,30.03,1,False,0.0577
1181,2026-03-09 19:25:50+00:00,36.21,0.087,30.03,1,False,0.0418
1182,2026-03-09 19:26:10+00:00,35.58,0.085,30.02,1,False,0.154
1183,2026-03-09 19:26:30+00:00,36.43,0.087,30.02,1,False,0.0855
1184,2026-03-09 19:26:50+00:00,36.16,0.086,30.02,1,False,0.0432
1185,2026-03-09 19:27:10+00:00,35.99,0.086,30.0,1,False,0.0301
1186,2026-03-09 19:27:30+00:00,36.02,0.086,30.0,1,False,0.0369
1187,2026-03-09 19:27:50+00:00,36.35,0.087,30.0,1,False,0.0445
1188,2026-03-09 19:28:10+00:00,36.49,0.087,29.99,1,False,0.0836
1189,2026-03-09 19:28:30+00:00,36.24,0.087,29.99,1,False,0.0456
1190,2026-03-09 19:28:50+00:00,36.81,0.088,29.99,1,False,0.1686
1191,2026-03-09 19:29:10+00:00,36.76,0.088,29.97,1,False,0.114
1192,2026-03-09 19:29:30+00:00,36.27,0.087,29.97,1,False,0.0519
1193,2026-03-09 19:29:51+00:00,36.1,0.086,29.97,1,False,0.0551
1194,2026-03-09 19:30:10+00:00,36.29,0.087,29.96,1,False,0.045
1195,2026-03-09 19:30:31+00:00,36.38,0.087,29.96,1,False,0.0454
1196,2026-03-09 19:30:51+00:00,36.29,0.087,29.96,1,False,0.0559
1197,2026-03-09 19:31:11+00:00,36.6,0.088,29.94,1,False,0.0791
1198,2026-03-09 19:31:31+00:00,36.1,0.086,29.94,1,False,0.1025
1199,2026-03-09 19:31:51+00:00,36.19,0.087,29.94,1,False,0.0671
1200,2026-03-09 19:32:11+00:00,36.21,0.087,29.93,1,False,0.059
1201,2026-03-09 19:32:32+00:00,36.29,0.087,29.93,1,False,0.0521
1202,2026-03-09 19:32:51+00:00,36.92,0.088,29.93,1,False,0.2018
